window_id,window_start_seconds,window_end_seconds,window_start_hms,window_end_hms,label_id,raw_row_count,attack_row_count,normal_row_count,was_padded,was_truncated,first_row_seconds,last_row_seconds,first_row_hms,last_row_hms,process_normal_baseline_distance,process_clean_threshold,process_clean_candidate,process_clean_kept_attack,original_label_id_before_process_clean
0,63394.06950306893,63404.06950306893,17:36:34.070,17:36:44.070,0,47,0,47,True,False,63394.075,63403.952,17:36:34.075,17:36:43.952,0.7441506891493496,0.9632054090499877,False,False,0
1,63404.06950306893,63414.06950306893,17:36:44.070,17:36:54.070,0,47,0,47,True,False,63404.172,63413.973,17:36:44.172,17:36:53.973,0.7714933028507295,0.9632054090499877,False,False,0
2,63414.06950306893,63424.06950306893,17:36:54.070,17:37:04.070,0,47,0,47,True,False,63414.182,63423.916,17:36:54.182,17:37:03.916,0.8566060165855293,0.9632054090499877,False,False,0
3,63424.06950306893,63434.06950306893,17:37:04.070,17:37:14.070,0,48,0,48,True,False,63424.138,63434.056,17:37:04.138,17:37:14.056,0.94047673523701,0.9632054090499877,False,False,0
4,63434.06950306893,63444.06950306893,17:37:14.070,17:37:24.070,0,47,0,47,True,False,63434.264,63444.01,17:37:14.264,17:37:24.010,0.8048645991784031,0.9632054090499877,False,False,0
5,63444.06950306893,63454.06950306893,17:37:24.070,17:37:34.070,0,47,0,47,True,False,63444.23,63454.042,17:37:24.230,17:37:34.042,0.7381458686719038,0.9632054090499877,False,False,0
6,63454.06950306893,63464.06950306893,17:37:34.070,17:37:44.070,0,47,0,47,True,False,63454.261,63464.038,17:37:34.261,17:37:44.038,0.7769590335572627,0.9632054090499877,False,False,0
7,63464.06950306893,63474.06950306893,17:37:44.070,17:37:54.070,0,47,0,47,True,False,63464.269,63474.039,17:37:44.269,17:37:54.039,0.922336334681584,0.9632054090499877,False,False,0
8,63474.06950306893,63484.06950306893,17:37:54.070,17:38:04.070,0,47,0,47,True,False,63474.258,63484.031,17:37:54.258,17:38:04.031,0.8905000887660256,0.9632054090499877,False,False,0
9,63484.06950306893,63494.06950306893,17:38:04.070,17:38:14.070,0,47,0,47,True,False,63484.238,63494.043,17:38:04.238,17:38:14.043,0.7008215720126244,0.9632054090499877,False,False,0
10,63494.06950306893,63504.06950306893,17:38:14.070,17:38:24.070,0,47,0,47,True,False,63494.251,63504.033,17:38:14.251,17:38:24.033,0.7455655360157374,0.9632054090499877,False,False,0
11,63504.06950306893,63514.06950306893,17:38:24.070,17:38:34.070,0,47,0,47,True,False,63504.246,63514.009,17:38:24.246,17:38:34.009,0.8490228042419383,0.9632054090499877,False,False,0
12,63514.06950306893,63524.06950306893,17:38:34.070,17:38:44.070,0,47,0,47,True,False,63514.218,63523.958,17:38:34.218,17:38:43.958,0.9016242329728509,0.9632054090499877,False,False,0
13,63524.06950306893,63534.06950306893,17:38:44.070,17:38:54.070,0,47,0,47,True,False,63524.165,63533.949,17:38:44.165,17:38:53.949,0.7443516506478108,0.9632054090499877,False,False,0
14,63534.06950306893,63544.06950306893,17:38:54.070,17:39:04.070,0,47,0,47,True,False,63534.17,63544.006,17:38:54.170,17:39:04.006,0.7165666943912558,0.9632054090499877,False,False,0
15,63544.06950306893,63554.06950306893,17:39:04.070,17:39:14.070,0,47,0,47,True,False,63544.214,63553.985,17:39:04.214,17:39:13.985,0.7737762774180629,0.9632054090499877,False,False,0
16,63554.06950306893,63564.06950306893,17:39:14.070,17:39:24.070,0,47,0,47,True,False,63554.207,63564.055,17:39:14.207,17:39:24.055,0.9017269051439145,0.9632054090499877,False,False,0
17,63564.06950306893,63574.06950306893,17:39:24.070,17:39:34.070,0,47,0,47,True,False,63564.263,63574.016,17:39:24.263,17:39:34.016,0.8010158131295212,0.9632054090499877,False,False,0
18,63574.06950306893,63584.06950306893,17:39:34.070,17:39:44.070,0,47,0,47,True,False,63574.224,63584.04,17:39:34.224,17:39:44.040,0.672123279834347,0.9632054090499877,False,False,0
19,63584.06950306893,63594.06950306893,17:39:44.070,17:39:54.070,0,47,0,47,True,False,63584.259,63593.944,17:39:44.259,17:39:53.944,0.7151995718225639,0.9632054090499877,False,False,0
20,63594.06950306893,63604.06950306893,17:39:54.070,17:40:04.070,0,47,0,47,True,False,63594.152,63603.962,17:39:54.152,17:40:03.962,0.8434995284213465,0.9632054090499877,False,False,0
21,63604.06950306893,63614.06950306893,17:40:04.070,17:40:14.070,0,47,0,47,True,False,63604.183,63613.974,17:40:04.183,17:40:13.974,0.8668722597266295,0.9632054090499877,False,False,0
22,63614.06950306893,63624.06950306893,17:40:14.070,17:40:24.070,0,47,0,47,True,False,63614.196,63623.968,17:40:14.196,17:40:23.968,0.6947862339570601,0.9632054090499877,False,False,0
23,63624.06950306893,63634.06950306893,17:40:24.070,17:40:34.070,0,47,0,47,True,False,63624.18,63633.897,17:40:24.180,17:40:33.897,0.6926227324615097,0.9632054090499877,False,False,0
24,63634.06950306893,63644.06950306893,17:40:34.070,17:40:44.070,0,47,0,47,True,False,63634.107,63643.923,17:40:34.107,17:40:43.923,0.754249491429656,0.9632054090499877,False,False,0
25,63644.06950306893,63654.06950306893,17:40:44.070,17:40:54.070,0,48,0,48,True,False,63644.137,63654.017,17:40:44.137,17:40:54.017,0.8752085366015191,0.9632054090499877,False,False,0
26,63654.06950306893,63664.06950306893,17:40:54.070,17:41:04.070,0,47,0,47,True,False,63654.224,63663.916,17:40:54.224,17:41:03.916,0.7526337642285785,0.9632054090499877,False,False,0
27,63664.06950306893,63674.06950306893,17:41:04.070,17:41:14.070,0,47,0,47,True,False,63664.127,63673.882,17:41:04.127,17:41:13.882,0.651114321631017,0.9632054090499877,False,False,0
28,63674.06950306893,63684.06950306893,17:41:14.070,17:41:24.070,0,47,0,47,True,False,63674.096,63683.88,17:41:14.096,17:41:23.880,0.6895885060243229,0.9632054090499877,False,False,0
29,63684.06950306893,63694.06950306893,17:41:24.070,17:41:34.070,0,47,0,47,True,False,63684.093,63693.89,17:41:24.093,17:41:33.890,0.8342018125666508,0.9632054090499877,False,False,0
30,63694.06950306893,63704.06950306893,17:41:34.070,17:41:44.070,0,47,0,47,True,False,63694.099,63703.887,17:41:34.099,17:41:43.887,0.8317978228158741,0.9632054090499877,False,False,0
31,63704.06950306893,63714.06950306893,17:41:44.070,17:41:54.070,0,47,0,47,True,False,63704.101,63713.88,17:41:44.101,17:41:53.880,0.6502457475293277,0.9632054090499877,False,False,0
32,63714.06950306893,63724.06950306893,17:41:54.070,17:42:04.070,0,48,0,48,True,False,63714.098,63724.029,17:41:54.098,17:42:04.029,0.6651432910169257,0.9632054090499877,False,False,0
33,63724.06950306893,63734.06950306893,17:42:04.070,17:42:14.070,0,46,0,46,True,False,63724.248,63733.825,17:42:04.248,17:42:13.825,0.7421047374936491,0.9632054090499877,False,False,0
34,63734.06950306893,63744.06950306893,17:42:14.070,17:42:24.070,0,46,0,46,True,False,63734.08,63743.865,17:42:14.080,17:42:23.865,0.8413306524686816,0.9632054090499877,False,False,0
35,63744.06950306893,63754.06950306893,17:42:24.070,17:42:34.070,0,47,0,47,True,False,63744.077,63753.943,17:42:24.077,17:42:33.943,0.712064134162202,0.9632054090499877,False,False,0
36,63754.06950306893,63764.06950306893,17:42:34.070,17:42:44.070,0,47,0,47,True,False,63754.159,63763.917,17:42:34.159,17:42:43.917,0.6343236069648547,0.9632054090499877,False,False,0
37,63764.06950306893,63774.06950306893,17:42:44.070,17:42:54.070,0,48,0,48,True,False,63764.13,63774.066,17:42:44.130,17:42:54.066,0.6732993919241417,0.9632054090499877,False,False,0
38,63774.06950306893,63784.06950306893,17:42:54.070,17:43:04.070,0,47,0,47,True,False,63774.278,63784.003,17:42:54.278,17:43:04.003,0.8168155587264339,0.9632054090499877,False,False,0
39,63784.06950306893,63794.06950306893,17:43:04.070,17:43:14.070,0,47,0,47,True,False,63784.213,63794.043,17:43:04.213,17:43:14.043,0.7935962269494592,0.9632054090499877,False,False,0
40,63794.06950306893,63804.06950306893,17:43:14.070,17:43:24.070,0,46,0,46,True,False,63794.257,63803.881,17:43:14.257,17:43:23.881,0.5903123356738323,0.9632054090499877,False,False,0
41,63804.06950306893,63814.06950306893,17:43:24.070,17:43:34.070,0,48,0,48,True,False,63804.099,63814.034,17:43:24.099,17:43:34.034,0.6325422921452386,0.9632054090499877,False,False,0
42,63814.06950306893,63824.06950306893,17:43:34.070,17:43:44.070,0,47,0,47,True,False,63814.243,63824.024,17:43:34.243,17:43:44.024,0.7337989805567632,0.9632054090499877,False,False,0
43,63824.06950306893,63834.06950306893,17:43:44.070,17:43:54.070,0,47,0,47,True,False,63824.239,63833.98,17:43:44.239,17:43:53.980,0.8054942677184121,0.9632054090499877,False,False,0
44,63834.06950306893,63844.06950306893,17:43:54.070,17:44:04.070,0,47,36,11,True,False,63834.193,63843.919,17:43:54.193,17:44:03.919,0.7266406605574551,0.9632054090499877,True,False,3
45,63844.06950306893,63854.06950306893,17:44:04.070,17:44:14.070,0,47,47,0,True,False,63844.134,63853.907,17:44:04.134,17:44:13.907,0.5868192630899055,0.9632054090499877,True,False,3
46,63854.06950306893,63864.06950306893,17:44:14.070,17:44:24.070,0,47,47,0,True,False,63854.117,63863.908,17:44:14.117,17:44:23.908,0.6335390779486486,0.9632054090499877,True,False,3
47,63864.06950306893,63874.06950306893,17:44:24.070,17:44:34.070,0,47,47,0,True,False,63864.115,63873.89,17:44:24.115,17:44:33.890,0.727768999310124,0.9632054090499877,True,False,3
48,63874.06950306893,63884.06950306893,17:44:34.070,17:44:44.070,0,48,48,0,True,False,63874.102,63884.023,17:44:34.102,17:44:44.023,0.7762521106374345,0.9632054090499877,True,False,3
49,63884.06950306893,63894.06950306893,17:44:44.070,17:44:54.070,0,47,47,0,True,False,63884.231,63894.003,17:44:44.231,17:44:54.003,0.6181408901116863,0.9632054090499877,True,False,3
50,63894.06950306893,63904.06950306893,17:44:54.070,17:45:04.070,0,47,47,0,True,False,63894.213,63904.001,17:44:54.213,17:45:04.001,0.5865653422304806,0.9632054090499877,True,False,3
51,63904.06950306893,63914.06950306893,17:45:04.070,17:45:14.070,0,46,46,0,True,False,63904.208,63913.937,17:45:04.208,17:45:13.937,0.6317238598984406,0.9632054090499877,True,False,3
52,63914.06950306893,63924.06950306893,17:45:14.070,17:45:24.070,0,47,47,0,True,False,63914.156,63924.013,17:45:14.156,17:45:24.013,0.7629774376077774,0.9632054090499877,True,False,3
53,63924.06950306893,63934.06950306893,17:45:24.070,17:45:34.070,0,47,47,0,True,False,63924.222,63933.984,17:45:24.222,17:45:33.984,0.7373594728889511,0.9632054090499877,True,False,3
54,63934.06950306893,63944.06950306893,17:45:34.070,17:45:44.070,0,47,47,0,True,False,63934.2,63944.049,17:45:34.200,17:45:44.049,0.5504943359502356,0.9632054090499877,True,False,3
55,63944.06950306893,63954.06950306893,17:45:44.070,17:45:54.070,0,47,47,0,True,False,63944.261,63954.065,17:45:44.261,17:45:54.065,0.5952130986022693,0.9632054090499877,True,False,3
56,63954.06950306893,63964.06950306893,17:45:54.070,17:46:04.070,0,46,11,35,True,False,63954.281,63963.897,17:45:54.281,17:46:03.897,0.6824031081996687,0.9632054090499877,True,False,3
57,63964.06950306893,63974.06950306893,17:46:04.070,17:46:14.070,0,47,0,47,True,False,63964.105,63974.017,17:46:04.105,17:46:14.017,0.7431539980342026,0.9632054090499877,False,False,0
58,63974.06950306893,63984.06950306893,17:46:14.070,17:46:24.070,0,47,0,47,True,False,63974.229,63984.016,17:46:14.229,17:46:24.016,0.5920553003228339,0.9632054090499877,False,False,0
59,63984.06950306893,63994.06950306893,17:46:24.070,17:46:34.070,0,47,0,47,True,False,63984.226,63994.03,17:46:24.226,17:46:34.030,0.5595606538921231,0.9632054090499877,False,False,0
60,63994.06950306893,64004.06950306893,17:46:34.070,17:46:44.070,0,47,0,47,True,False,63994.242,64004.061,17:46:34.242,17:46:44.061,0.624058256625242,0.9632054090499877,False,False,0
61,64004.06950306893,64014.06950306893,17:46:44.070,17:46:54.070,0,46,0,46,True,False,64004.27,64013.884,17:46:44.270,17:46:53.884,0.771143622852698,0.9632054090499877,False,False,0
62,64014.06950306893,64024.06950306893,17:46:54.070,17:47:04.070,0,47,0,47,True,False,64014.091,64023.939,17:46:54.091,17:47:03.939,0.7060629660544779,0.9632054090499877,False,False,0
63,64024.06950306893,64034.06950306893,17:47:04.070,17:47:14.070,0,47,0,47,True,False,64024.16,64033.986,17:47:04.160,17:47:13.986,0.5422042683198518,0.9632054090499877,False,False,0
64,64034.06950306893,64044.06950306893,17:47:14.070,17:47:24.070,0,47,0,47,True,False,64034.194,64043.977,17:47:14.194,17:47:23.977,0.6018497384596713,0.9632054090499877,False,False,0
65,64044.06950306893,64054.06950306893,17:47:24.070,17:47:34.070,0,47,0,47,True,False,64044.186,64053.973,17:47:24.186,17:47:33.973,0.7255882099312245,0.9632054090499877,False,False,0
66,64054.06950306893,64064.06950306893,17:47:34.070,17:47:44.070,0,47,0,47,True,False,64054.184,64064.023,17:47:34.184,17:47:44.023,0.7718484755152151,0.9632054090499877,False,False,0
67,64064.06950306893,64074.06950306893,17:47:44.070,17:47:54.070,0,47,0,47,True,False,64064.235,64073.971,17:47:44.235,17:47:53.971,0.6167737269611087,0.9632054090499877,False,False,0
68,64074.06950306893,64084.06950306893,17:47:54.070,17:48:04.070,0,47,0,47,True,False,64074.187,64083.907,17:47:54.187,17:48:03.907,0.6007220084352893,0.9632054090499877,False,False,0
69,64084.06950306893,64094.06950306893,17:48:04.070,17:48:14.070,0,47,0,47,True,False,64084.114,64093.894,17:48:04.114,17:48:13.894,0.6657190118550124,0.9632054090499877,False,False,0
70,64094.06950306893,64104.06950306893,17:48:14.070,17:48:24.070,0,47,0,47,True,False,64094.126,64103.902,17:48:14.126,17:48:23.902,0.8019321521107924,0.9632054090499877,False,False,0
71,64104.06950306893,64114.06950306893,17:48:24.070,17:48:34.070,0,47,0,47,True,False,64104.117,64113.869,17:48:24.117,17:48:33.869,0.7245853503694366,0.9632054090499877,False,False,0
72,64114.06950306893,64124.06950306893,17:48:34.070,17:48:44.070,0,47,0,47,True,False,64114.081,64123.954,17:48:34.081,17:48:43.954,0.5874007203495889,0.9632054090499877,False,False,0
73,64124.06950306893,64134.06950306893,17:48:44.070,17:48:54.070,0,47,0,47,True,False,64124.161,64133.919,17:48:44.161,17:48:53.919,0.6437933900153249,0.9632054090499877,False,False,0
74,64134.06950306893,64144.06950306893,17:48:54.070,17:49:04.070,0,47,0,47,True,False,64134.132,64143.899,17:48:54.132,17:49:03.899,0.7726228590599722,0.9632054090499877,False,False,0
75,64144.06950306893,64154.06950306893,17:49:04.070,17:49:14.070,0,47,0,47,True,False,64144.11,64153.901,17:49:04.110,17:49:13.901,0.7969587608427349,0.9632054090499877,False,False,0
76,64154.06950306893,64164.06950306893,17:49:14.070,17:49:24.070,0,47,0,47,True,False,64154.114,64163.909,17:49:14.114,17:49:23.909,0.6298774149751715,0.9632054090499877,False,False,0
77,64164.06950306893,64174.06950306893,17:49:24.070,17:49:34.070,0,47,0,47,True,False,64164.116,64173.968,17:49:24.116,17:49:33.968,0.6359119819749057,0.9632054090499877,False,False,0
78,64174.06950306893,64184.06950306893,17:49:34.070,17:49:44.070,0,47,0,47,True,False,64174.182,64183.942,17:49:34.182,17:49:43.942,0.7152202685843199,0.9632054090499877,False,False,0
79,64184.06950306893,64194.06950306893,17:49:44.070,17:49:54.070,0,47,0,47,True,False,64184.161,64193.992,17:49:44.161,17:49:53.992,0.831358645647791,0.9632054090499877,False,False,0
80,64194.06950306893,64204.06950306893,17:49:54.070,17:50:04.070,0,47,0,47,True,False,64194.204,64204.032,17:49:54.204,17:50:04.032,0.71105494382623,0.9632054090499877,False,False,0
81,64204.06950306893,64214.06950306893,17:50:04.070,17:50:14.070,0,47,0,47,True,False,64204.243,64214.051,17:50:04.243,17:50:14.051,0.6300790663656913,0.9632054090499877,False,False,0
82,64214.06950306893,64224.06950306893,17:50:14.070,17:50:24.070,0,46,0,46,True,False,64214.271,64223.965,17:50:14.271,17:50:23.965,0.6817862467734908,0.9632054090499877,False,False,0
83,64224.06950306893,64234.06950306893,17:50:24.070,17:50:34.070,0,47,0,47,True,False,64224.175,64233.977,17:50:24.175,17:50:33.977,0.8270044527932071,0.9632054090499877,False,False,0
84,64234.06950306893,64244.06950306893,17:50:34.070,17:50:44.070,0,46,0,46,True,False,64234.191,64243.885,17:50:34.191,17:50:43.885,0.8167508164993731,0.9632054090499877,False,False,0
85,64244.06950306893,64254.06950306893,17:50:44.070,17:50:54.070,0,47,0,47,True,False,64244.096,64253.943,17:50:44.096,17:50:53.943,0.6361847734112256,0.9632054090499877,False,False,0
86,64254.06950306893,64264.06950306893,17:50:54.070,17:51:04.070,0,47,35,12,True,False,64254.154,64263.91,17:50:54.154,17:51:03.910,0.6765363570052209,0.9632054090499877,True,False,3
87,64264.06950306893,64274.06950306893,17:51:04.070,17:51:14.070,0,45,45,0,True,False,64264.138,64273.988,17:51:04.138,17:51:13.988,0.7636727225407984,0.9632054090499877,True,False,3
88,64274.06950306893,64284.06950306893,17:51:14.070,17:51:24.070,0,47,47,0,True,False,64274.207,64284.056,17:51:14.207,17:51:24.056,0.840458078408488,0.9632054090499877,True,False,3
89,64284.06950306893,64294.06950306893,17:51:24.070,17:51:34.070,0,47,47,0,True,False,64284.274,64293.982,17:51:24.274,17:51:33.982,0.7754972740308949,0.9632054090499877,True,False,3
90,64294.06950306893,64304.06950306893,17:51:34.070,17:51:44.070,0,47,47,0,True,False,64294.205,64304.01,17:51:34.205,17:51:44.010,0.6376188560914807,0.9632054090499877,True,False,3
91,64304.06950306893,64314.06950306893,17:51:44.070,17:51:54.070,0,47,47,0,True,False,64304.222,64314.02,17:51:44.222,17:51:54.020,0.6969341520084648,0.9632054090499877,True,False,3
92,64314.06950306893,64324.06950306893,17:51:54.070,17:52:04.070,0,47,47,0,True,False,64314.234,64323.934,17:51:54.234,17:52:03.934,0.8075204401124292,0.9632054090499877,True,False,3
93,64324.06950306893,64334.06950306893,17:52:04.070,17:52:14.070,0,47,47,0,True,False,64324.146,64333.909,17:52:04.146,17:52:13.909,0.861605217932953,0.9632054090499877,True,False,3
94,64334.06950306893,64344.06950306893,17:52:14.070,17:52:24.070,0,47,47,0,True,False,64334.127,64343.86,17:52:14.127,17:52:23.860,0.7450496590835001,0.9632054090499877,True,False,3
95,64344.06950306893,64354.06950306893,17:52:24.070,17:52:34.070,0,47,47,0,True,False,64344.075,64353.859,17:52:24.075,17:52:33.859,0.686198782267564,0.9632054090499877,True,False,3
96,64354.06950306893,64364.06950306893,17:52:34.070,17:52:44.070,0,47,47,0,True,False,64354.079,64364.052,17:52:34.079,17:52:44.052,0.7369596601500901,0.9632054090499877,True,False,3
97,64364.06950306893,64374.06950306893,17:52:44.070,17:52:54.070,0,46,46,0,True,False,64364.269,64373.86,17:52:44.269,17:52:53.860,0.8596172330894939,0.9632054090499877,True,False,3
98,64374.06950306893,64384.06950306893,17:52:54.070,17:53:04.070,0,48,13,35,True,False,64374.074,64384.047,17:52:54.074,17:53:04.047,0.8705875871751949,0.9632054090499877,True,False,3
99,64384.06950306893,64394.06950306893,17:53:04.070,17:53:14.070,0,46,0,46,True,False,64384.26,64393.861,17:53:04.260,17:53:13.861,0.6914972635507403,0.9632054090499877,False,False,0
100,64394.06950306893,64404.06950306893,17:53:14.070,17:53:24.070,0,48,0,48,True,False,64394.072,64404.042,17:53:14.072,17:53:24.042,0.7265532015240498,0.9632054090499877,False,False,0
101,64404.06950306893,64414.06950306893,17:53:24.070,17:53:34.070,0,47,0,47,True,False,64404.251,64414.024,17:53:24.251,17:53:34.024,0.8207153156238753,0.9632054090499877,False,False,0
102,64414.06950306893,64424.06950306893,17:53:34.070,17:53:44.070,0,47,0,47,True,False,64414.237,64424.068,17:53:34.237,17:53:44.068,0.9159552389590387,0.9632054090499877,False,False,0
103,64424.06950306893,64434.06950306893,17:53:44.070,17:53:54.070,0,46,0,46,True,False,64424.282,64433.889,17:53:44.282,17:53:53.889,0.7817360420186189,0.9632054090499877,False,False,0
104,64434.06950306893,64444.06950306893,17:53:54.070,17:54:04.070,0,47,0,47,True,False,64434.097,64443.863,17:53:54.097,17:54:03.863,0.7109434248040629,0.9632054090499877,False,False,0
105,64444.06950306893,64454.06950306893,17:54:04.070,17:54:14.070,0,48,0,48,True,False,64444.071,64454.037,17:54:04.071,17:54:14.037,0.7643314201034189,0.9632054090499877,False,False,0
106,64454.06950306893,64464.06950306893,17:54:14.070,17:54:24.070,0,46,0,46,True,False,64454.246,64463.872,17:54:14.246,17:54:23.872,0.923581993897387,0.9632054090499877,False,False,0
107,64464.06950306893,64474.06950306893,17:54:24.070,17:54:34.070,0,47,0,47,True,False,64464.089,64473.973,17:54:24.089,17:54:33.973,0.8995818278245155,0.9632054090499877,False,False,0
108,64474.06950306893,64484.06950306893,17:54:34.070,17:54:44.070,0,47,0,47,True,False,64474.185,64483.938,17:54:34.185,17:54:43.938,0.7029144610268898,0.9632054090499877,False,False,0
109,64484.06950306893,64494.06950306893,17:54:44.070,17:54:54.070,0,47,0,47,True,False,64484.146,64493.891,17:54:44.146,17:54:53.891,0.755740064094939,0.9632054090499877,False,False,0
110,64494.06950306893,64504.06950306893,17:54:54.070,17:55:04.070,0,47,0,47,True,False,64494.107,64503.88,17:54:54.107,17:55:03.880,0.8661312344919967,0.9632054090499877,False,False,0
111,64504.06950306893,64514.06950306893,17:55:04.070,17:55:14.070,0,47,0,47,True,False,64504.098,64513.878,17:55:04.098,17:55:13.878,0.9421751953717612,0.9632054090499877,False,False,0
112,64514.06950306893,64524.06950306893,17:55:14.070,17:55:24.070,0,47,0,47,True,False,64514.088,64523.887,17:55:14.088,17:55:23.887,0.7996272633251291,0.9632054090499877,False,False,0
113,64524.06950306893,64534.06950306893,17:55:24.070,17:55:34.070,0,47,0,47,True,False,64524.104,64533.952,17:55:24.104,17:55:33.952,0.7474855461965124,0.9632054090499877,False,False,0
114,64534.06950306893,64544.06950306893,17:55:34.070,17:55:44.070,0,47,0,47,True,False,64534.164,64543.926,17:55:34.164,17:55:43.926,0.7994240292410634,0.9632054090499877,False,False,0
115,64544.06950306893,64554.06950306893,17:55:44.070,17:55:54.070,0,47,0,47,True,False,64544.143,64553.909,17:55:44.143,17:55:53.909,0.9601916047346168,0.9632054090499877,False,False,0
116,64554.06950306893,64564.06950306893,17:55:54.070,17:56:04.070,0,47,0,47,True,False,64554.116,64563.914,17:55:54.116,17:56:03.914,0.9284479666824446,0.9632054090499877,False,False,0
117,64564.06950306893,64574.06950306893,17:56:04.070,17:56:14.070,0,47,0,47,True,False,64564.129,64573.883,17:56:04.129,17:56:13.883,0.7471779355021796,0.9632054090499877,False,False,0
118,64574.06950306893,64584.06950306893,17:56:14.070,17:56:24.070,0,47,0,47,True,False,64574.103,64583.862,17:56:14.103,17:56:23.862,0.7958627252711595,0.9632054090499877,False,False,0
119,64584.06950306893,64594.06950306893,17:56:24.070,17:56:34.070,0,47,0,47,True,False,64584.079,64593.925,17:56:24.079,17:56:33.925,0.8956376743440132,0.9632054090499877,False,False,0
120,64594.06950306893,64604.06950306893,17:56:34.070,17:56:44.070,0,47,0,47,True,False,64594.136,64603.899,17:56:34.136,17:56:43.899,0.9759740624481804,0.9632054090499877,False,False,0
121,64604.06950306893,64614.06950306893,17:56:44.070,17:56:54.070,0,47,0,47,True,False,64604.115,64613.908,17:56:44.115,17:56:53.908,0.8404933846491304,0.9632054090499877,False,False,0
122,64614.06950306893,64624.06950306893,17:56:54.070,17:57:04.070,0,47,0,47,True,False,64614.125,64623.896,17:56:54.125,17:57:03.896,0.7861779393897427,0.9632054090499877,False,False,0
123,64624.06950306893,64634.06950306893,17:57:04.070,17:57:14.070,0,48,0,48,True,False,64624.119,64634.056,17:57:04.119,17:57:14.056,0.8388160068035995,0.9632054090499877,False,False,0
124,64634.06950306893,64644.06950306893,17:57:14.070,17:57:24.070,0,47,0,47,True,False,64634.271,64644.069,17:57:14.271,17:57:24.069,0.9934525183329257,0.9632054090499877,False,False,0
125,64644.06950306893,64654.06950306893,17:57:24.070,17:57:34.070,0,46,0,46,True,False,64644.284,64653.893,17:57:24.284,17:57:33.893,0.9633158806074993,0.9632054090499877,False,False,0
126,64654.06950306893,64664.06950306893,17:57:34.070,17:57:44.070,0,47,0,47,True,False,64654.11,64663.887,17:57:34.110,17:57:43.887,0.7741980043752538,0.9632054090499877,False,False,0
127,64664.06950306893,64674.06950306893,17:57:44.070,17:57:54.070,0,47,0,47,True,False,64664.094,64673.87,17:57:44.094,17:57:53.870,0.7895027321292282,0.9632054090499877,False,False,0
128,64674.06950306893,64684.06950306893,17:57:54.070,17:58:04.070,0,47,33,14,True,False,64674.087,64683.865,17:57:54.087,17:58:03.865,0.8894483686137393,0.9632054090499877,True,False,3
129,64684.06950306893,64694.06950306893,17:58:04.070,17:58:14.070,0,47,47,0,True,False,64684.084,64693.904,17:58:04.084,17:58:13.904,0.9455980339473296,0.9632054090499877,True,False,3
130,64694.06950306893,64704.06950306893,17:58:14.070,17:58:24.070,0,47,47,0,True,False,64694.115,64703.973,17:58:14.115,17:58:23.973,0.8505293661702248,0.9632054090499877,True,False,3
131,64704.06950306893,64714.06950306893,17:58:24.070,17:58:34.070,0,47,47,0,True,False,64704.184,64714.006,17:58:24.184,17:58:34.006,0.7552556787060792,0.9632054090499877,True,False,3
132,64714.06950306893,64724.06950306893,17:58:34.070,17:58:44.070,0,46,46,0,True,False,64714.217,64723.839,17:58:34.217,17:58:43.839,0.8000964287386849,0.9632054090499877,True,False,3
133,64724.06950306893,64734.06950306893,17:58:44.070,17:58:54.070,0,47,47,0,True,False,64724.07,64734.02,17:58:44.070,17:58:54.020,0.9086412468458177,0.9632054090499877,True,False,3
134,64734.06950306893,64744.06950306893,17:58:54.070,17:59:04.070,0,45,45,0,True,False,64734.238,64743.983,17:58:54.238,17:59:03.983,0.9349259268484452,0.9632054090499877,True,False,3
135,64744.06950306893,64754.06950306893,17:59:04.070,17:59:14.070,0,47,47,0,True,False,64744.194,64753.984,17:59:04.194,17:59:13.984,0.7737206802345226,0.9632054090499877,True,False,3
136,64754.06950306893,64764.06950306893,17:59:14.070,17:59:24.070,0,47,47,0,True,False,64754.198,64764.044,17:59:14.198,17:59:24.044,0.7468529557607261,0.9632054090499877,True,False,3
137,64764.06950306893,64774.06950306893,17:59:24.070,17:59:34.070,0,46,46,0,True,False,64764.255,64773.886,17:59:24.255,17:59:33.886,0.7979202268773203,0.9632054090499877,True,False,3
138,64774.06950306893,64784.06950306893,17:59:34.070,17:59:44.070,0,48,48,0,True,False,64774.093,64784.044,17:59:34.093,17:59:44.044,0.9299443560888137,0.9632054090499877,True,False,3
139,64784.06950306893,64794.06950306893,17:59:44.070,17:59:54.070,0,47,47,0,True,False,64784.257,64794.038,17:59:44.257,17:59:54.038,0.9050976365781208,0.9632054090499877,True,False,3
140,64794.06950306893,64804.06950306893,17:59:54.070,18:00:04.070,0,46,13,33,True,False,64794.247,64803.875,17:59:54.247,18:00:03.875,0.7299367654291663,0.9632054090499877,True,False,3
141,64804.06950306893,64814.06950306893,18:00:04.070,18:00:14.070,0,47,0,47,True,False,64804.088,64814.058,18:00:04.088,18:00:14.058,0.7599406139298996,0.9632054090499877,False,False,0
142,64814.06950306893,64824.06950306893,18:00:14.070,18:00:24.070,0,46,0,46,True,False,64814.271,64823.976,18:00:14.271,18:00:23.976,0.8395107101605683,0.9632054090499877,False,False,0
143,64824.06950306893,64834.06950306893,18:00:24.070,18:00:34.070,0,46,0,46,True,False,64824.186,64833.853,18:00:24.186,18:00:33.853,0.9369220731605791,0.9632054090499877,False,False,0
144,64834.06950306893,64844.06950306893,18:00:34.070,18:00:44.070,0,47,0,47,True,False,64834.072,64843.959,18:00:34.072,18:00:43.959,0.8108456386707725,0.9632054090499877,False,False,0
145,64844.06950306893,64854.06950306893,18:00:44.070,18:00:54.070,0,45,0,45,True,False,64844.184,64853.997,18:00:44.184,18:00:53.997,0.72445560015368,0.9632054090499877,False,False,0
146,64854.06950306893,64864.06950306893,18:00:54.070,18:01:04.070,0,46,0,46,True,False,64854.207,64863.988,18:00:54.207,18:01:03.988,0.77005577070662,0.9632054090499877,False,False,0
147,64864.06950306893,64874.06950306893,18:01:04.070,18:01:14.070,0,47,0,47,True,False,64864.199,64874.068,18:01:04.199,18:01:14.068,0.9116663829405862,0.9632054090499877,False,False,0
148,64874.06950306893,64884.06950306893,18:01:14.070,18:01:24.070,0,47,0,47,True,False,64874.28,64884.041,18:01:14.280,18:01:24.041,0.8889635774060217,0.9632054090499877,False,False,0
149,64884.06950306893,64894.06950306893,18:01:24.070,18:01:34.070,0,47,0,47,True,False,64884.259,64894.017,18:01:24.259,18:01:34.017,0.6983270034927512,0.9632054090499877,False,False,0
150,64894.06950306893,64904.06950306893,18:01:34.070,18:01:44.070,0,47,0,47,True,False,64894.229,64903.954,18:01:34.229,18:01:43.954,0.7371305098892907,0.9632054090499877,False,False,0
151,64904.06950306893,64914.06950306893,18:01:44.070,18:01:54.070,0,47,0,47,True,False,64904.165,64914.069,18:01:44.165,18:01:54.069,0.8360779131469948,0.9632054090499877,False,False,0
152,64914.06950306893,64924.06950306893,18:01:54.070,18:02:04.070,0,46,0,46,True,False,64914.278,64923.946,18:01:54.278,18:02:03.946,0.9002605104562528,0.9632054090499877,False,False,0
153,64924.06950306893,64934.06950306893,18:02:04.070,18:02:14.070,0,47,0,47,True,False,64924.162,64934.024,18:02:04.162,18:02:14.024,0.7405991248320367,0.9632054090499877,False,False,0
154,64934.06950306893,64944.06950306893,18:02:14.070,18:02:24.070,0,46,0,46,True,False,64934.241,64943.88,18:02:14.241,18:02:23.880,0.6948709901045457,0.9632054090499877,False,False,0
155,64944.06950306893,64954.06950306893,18:02:24.070,18:02:34.070,0,47,0,47,True,False,64944.094,64953.937,18:02:24.094,18:02:33.937,0.7479664415431936,0.9632054090499877,False,False,0
156,64954.06950306893,64964.06950306893,18:02:34.070,18:02:44.070,0,47,0,47,True,False,64954.145,64963.957,18:02:34.145,18:02:43.957,0.8959680108943917,0.9632054090499877,False,False,0
157,64964.06950306893,64974.06950306893,18:02:44.070,18:02:54.070,0,46,0,46,True,False,64964.171,64973.877,18:02:44.171,18:02:53.877,0.8408587910026666,0.9632054090499877,False,False,0
158,64974.06950306893,64984.06950306893,18:02:54.070,18:03:04.070,0,47,0,47,True,False,64974.088,64983.912,18:02:54.088,18:03:03.912,0.6645657964063507,0.9632054090499877,False,False,0
159,64984.06950306893,64994.06950306893,18:03:04.070,18:03:14.070,0,47,0,47,True,False,64984.124,64993.892,18:03:04.124,18:03:13.892,0.7186909126213556,0.9632054090499877,False,False,0
160,64994.06950306893,65004.06950306893,18:03:14.070,18:03:24.070,0,47,0,47,True,False,64994.104,65003.871,18:03:14.104,18:03:23.871,0.8336274977188675,0.9632054090499877,False,False,0
161,65004.06950306893,65014.06950306893,18:03:24.070,18:03:34.070,0,47,0,47,True,False,65004.087,65013.929,18:03:24.087,18:03:33.929,0.8647543722707138,0.9632054090499877,False,False,0
162,65014.06950306893,65024.06950306893,18:03:34.070,18:03:44.070,0,47,0,47,True,False,65014.14,65023.914,18:03:34.140,18:03:43.914,0.6850988508349524,0.9632054090499877,False,False,0
163,65024.06950306893,65034.06950306893,18:03:44.070,18:03:54.070,0,47,0,47,True,False,65024.122,65033.914,18:03:44.122,18:03:53.914,0.677608571009834,0.9632054090499877,False,False,0
164,65034.06950306893,65044.06950306893,18:03:54.070,18:04:04.070,0,47,0,47,True,False,65034.125,65043.934,18:03:54.125,18:04:03.934,0.7451391015597942,0.9632054090499877,False,False,0
165,65044.06950306893,65054.06950306893,18:04:04.070,18:04:14.070,0,47,0,47,True,False,65044.145,65054.007,18:04:04.145,18:04:14.007,0.8757605043536447,0.9632054090499877,False,False,0
166,65054.06950306893,65064.06950306893,18:04:14.070,18:04:24.070,0,45,0,45,True,False,65054.231,65063.995,18:04:14.231,18:04:23.995,0.7701683890432611,0.9632054090499877,False,False,0
167,65064.06950306893,65074.06950306893,18:04:24.070,18:04:34.070,0,46,0,46,True,False,65064.21,65074.044,18:04:24.210,18:04:34.044,0.6502929354373513,0.9632054090499877,False,False,0
168,65074.06950306893,65084.06950306893,18:04:34.070,18:04:44.070,0,46,0,46,True,False,65074.264,65084.003,18:04:34.264,18:04:44.003,0.6994866908667471,0.9632054090499877,False,False,0
169,65084.06950306893,65094.06950306893,18:04:44.070,18:04:54.070,0,47,0,47,True,False,65084.215,65094.029,18:04:44.215,18:04:54.029,0.8276856603281769,0.9632054090499877,False,False,0
170,65094.06950306893,65104.06950306893,18:04:54.070,18:05:04.070,0,46,31,15,True,False,65094.237,65103.89,18:04:54.237,18:05:03.890,0.8377730326282524,0.9632054090499877,True,False,3
171,65104.06950306893,65114.06950306893,18:05:04.070,18:05:14.070,0,47,47,0,True,False,65104.107,65114.044,18:05:04.107,18:05:14.044,0.7136165536214379,0.9632054090499877,True,False,3
172,65114.06950306893,65124.06950306893,18:05:14.070,18:05:24.070,0,46,46,0,True,False,65114.26,65123.943,18:05:14.260,18:05:23.943,0.6472449923227797,0.9632054090499877,True,False,3
173,65124.06950306893,65134.06950306893,18:05:24.070,18:05:34.070,0,47,47,0,True,False,65124.153,65133.938,18:05:24.153,18:05:33.938,0.6917348008002958,0.9632054090499877,True,False,3
174,65134.06950306893,65144.06950306893,18:05:34.070,18:05:44.070,0,47,47,0,True,False,65134.152,65143.991,18:05:34.152,18:05:43.991,0.8093682145364874,0.9632054090499877,True,False,3
175,65144.06950306893,65154.06950306893,18:05:44.070,18:05:54.070,0,47,47,0,True,False,65144.198,65153.999,18:05:44.198,18:05:53.999,0.8144425735364051,0.9632054090499877,True,False,3
176,65154.06950306893,65164.06950306893,18:05:54.070,18:06:04.070,0,44,44,0,True,False,65154.246,65164.052,18:05:54.246,18:06:04.052,0.6403136251901675,0.9632054090499877,True,False,3
177,65164.06950306893,65174.06950306893,18:06:04.070,18:06:14.070,0,46,46,0,True,False,65164.262,65173.908,18:06:04.262,18:06:13.908,0.6576027246787141,0.9632054090499877,True,False,3
178,65174.06950306893,65184.06950306893,18:06:14.070,18:06:24.070,0,46,46,0,True,False,65174.116,65183.891,18:06:14.116,18:06:23.891,0.7373483075736573,0.9632054090499877,True,False,3
179,65184.06950306893,65194.06950306893,18:06:24.070,18:06:34.070,0,46,46,0,True,False,65184.11,65193.883,18:06:24.110,18:06:33.883,0.8321417101833999,0.9632054090499877,True,False,3
180,65194.06950306893,65204.06950306893,18:06:34.070,18:06:44.070,0,46,46,0,True,False,65194.099,65203.891,18:06:34.099,18:06:43.891,0.7293283212154313,0.9632054090499877,True,False,3
181,65204.06950306893,65214.06950306893,18:06:44.070,18:06:54.070,0,46,46,0,True,False,65204.099,65213.949,18:06:44.099,18:06:53.949,0.6150322788394206,0.9632054090499877,True,False,3
182,65214.06950306893,65224.06950306893,18:06:54.070,18:07:04.070,0,45,15,30,True,False,65214.158,65223.888,18:06:54.158,18:07:03.888,0.6648696050226071,0.9632054090499877,True,False,3
183,65224.06950306893,65234.06950306893,18:07:04.070,18:07:14.070,0,47,0,47,True,False,65224.12,65233.927,18:07:04.120,18:07:13.927,0.7938109862890911,0.9632054090499877,False,False,0
184,65234.06950306893,65244.06950306893,18:07:14.070,18:07:24.070,0,47,0,47,True,False,65234.137,65244.004,18:07:14.137,18:07:24.004,0.7958872367301802,0.9632054090499877,False,False,0
185,65244.06950306893,65254.06950306893,18:07:24.070,18:07:34.070,0,47,0,47,True,False,65244.226,65254.031,18:07:24.226,18:07:34.031,0.6158368535456248,0.9632054090499877,False,False,0
186,65254.06950306893,65264.06950306893,18:07:34.070,18:07:44.070,0,46,0,46,True,False,65254.247,65263.888,18:07:34.247,18:07:43.888,0.6306733254429965,0.9632054090499877,False,False,0
187,65264.06950306893,65274.06950306893,18:07:44.070,18:07:54.070,0,47,0,47,True,False,65264.104,65273.945,18:07:44.104,18:07:53.945,0.7063535323567764,0.9632054090499877,False,False,0
188,65274.06950306893,65284.06950306893,18:07:54.070,18:08:04.070,0,45,0,45,True,False,65274.163,65283.927,18:07:54.163,18:08:03.927,0.8121291264742577,0.9632054090499877,False,False,0
189,65284.06950306893,65294.06950306893,18:08:04.070,18:08:14.070,0,47,0,47,True,False,65284.14,65294.044,18:08:04.140,18:08:14.044,0.6861873381757696,0.9632054090499877,False,False,0
190,65294.06950306893,65304.06950306893,18:08:14.070,18:08:24.070,0,46,0,46,True,False,65294.251,65304.014,18:08:14.251,18:08:24.014,0.5967920550831957,0.9632054090499877,False,False,0
191,65304.06950306893,65314.06950306893,18:08:24.070,18:08:34.070,0,46,0,46,True,False,65304.225,65314.022,18:08:24.225,18:08:34.022,0.6421132293632125,0.9632054090499877,False,False,0
192,65314.06950306893,65324.06950306893,18:08:34.070,18:08:44.070,0,46,0,46,True,False,65314.236,65323.944,18:08:34.236,18:08:43.944,0.7836518493275604,0.9632054090499877,False,False,0
193,65324.06950306893,65334.06950306893,18:08:44.070,18:08:54.070,0,46,0,46,True,False,65324.156,65333.99,18:08:44.156,18:08:53.990,0.766390592988964,0.9632054090499877,False,False,0
194,65334.06950306893,65344.06950306893,18:08:54.070,18:09:04.070,0,47,0,47,True,False,65334.201,65344.056,18:08:54.201,18:09:04.056,0.5654875571488407,0.9632054090499877,False,False,0
195,65344.06950306893,65354.06950306893,18:09:04.070,18:09:14.070,0,45,0,45,True,False,65344.264,65353.931,18:09:04.264,18:09:13.931,0.5995165505666439,0.9632054090499877,False,False,0
196,65354.06950306893,65364.06950306893,18:09:14.070,18:09:24.070,0,47,0,47,True,False,65354.142,65363.999,18:09:14.142,18:09:23.999,0.681522937386162,0.9632054090499877,False,False,0
197,65364.06950306893,65374.06950306893,18:09:24.070,18:09:34.070,0,46,0,46,True,False,65364.21,65373.905,18:09:24.210,18:09:33.905,0.790303022793336,0.9632054090499877,False,False,0
198,65374.06950306893,65384.06950306893,18:09:34.070,18:09:44.070,0,47,0,47,True,False,65374.124,65383.948,18:09:34.124,18:09:43.948,0.6682583421949184,0.9632054090499877,False,False,0
199,65384.06950306893,65394.06950306893,18:09:44.070,18:09:54.070,0,46,0,46,True,False,65384.155,65393.955,18:09:44.155,18:09:53.955,0.5696261446170607,0.9632054090499877,False,False,0
200,65394.06950306893,65404.06950306893,18:09:54.070,18:10:04.070,0,46,0,46,True,False,65394.169,65403.976,18:09:54.169,18:10:03.976,0.6159540257980772,0.9632054090499877,False,False,0
201,65404.06950306893,65414.06950306893,18:10:04.070,18:10:14.070,0,45,0,45,True,False,65404.202,65413.855,18:10:04.202,18:10:13.855,0.7500976560833116,0.9632054090499877,False,False,0
202,65414.06950306893,65424.06950306893,18:10:14.070,18:10:24.070,0,46,0,46,True,False,65414.077,65423.927,18:10:14.077,18:10:23.927,0.7444490348192688,0.9632054090499877,False,False,0
203,65424.06950306893,65434.06950306893,18:10:24.070,18:10:34.070,0,46,0,46,True,False,65424.149,65433.949,18:10:24.149,18:10:33.949,0.5569166928614804,0.9632054090499877,False,False,0
204,65434.06950306893,65444.06950306893,18:10:34.070,18:10:44.070,0,46,0,46,True,False,65434.161,65444.055,18:10:34.161,18:10:44.055,0.5832675435000709,0.9632054090499877,False,False,0
205,65444.06950306893,65454.06950306893,18:10:44.070,18:10:54.070,0,46,0,46,True,False,65444.267,65454.067,18:10:44.267,18:10:54.067,0.670101331482213,0.9632054090499877,False,False,0
206,65454.06950306893,65464.06950306893,18:10:54.070,18:11:04.070,0,46,0,46,True,False,65454.274,65463.963,18:10:54.274,18:11:03.963,0.6899948118617198,0.9632054090499877,False,False,0
207,65464.06950306893,65474.06950306893,18:11:04.070,18:11:14.070,0,46,0,46,True,False,65464.172,65473.913,18:11:04.172,18:11:13.913,0.6102383239082915,0.9632054090499877,False,False,0
208,65474.06950306893,65484.06950306893,18:11:14.070,18:11:24.070,0,47,0,47,True,False,65474.123,65483.968,18:11:14.123,18:11:23.968,0.5650530063157384,0.9632054090499877,False,False,0
209,65484.06950306893,65494.06950306893,18:11:24.070,18:11:34.070,0,47,0,47,True,False,65484.177,65494.028,18:11:24.177,18:11:34.028,0.6103009161766647,0.9632054090499877,False,False,0
210,65494.06950306893,65504.06950306893,18:11:34.070,18:11:44.070,0,46,0,46,True,False,65494.248,65503.923,18:11:34.248,18:11:43.923,0.7552090518802365,0.9632054090499877,False,False,0
211,65504.06950306893,65514.06950306893,18:11:44.070,18:11:54.070,0,45,0,45,True,False,65504.146,65513.927,18:11:44.146,18:11:53.927,0.7233951990851223,0.9632054090499877,False,False,0
212,65514.06950306893,65524.06950306893,18:11:54.070,18:12:04.070,0,46,29,17,True,False,65514.151,65523.873,18:11:54.151,18:12:03.873,0.5351274323336722,0.9632054090499877,True,False,3
213,65524.06950306893,65534.06950306893,18:12:04.070,18:12:14.070,0,46,46,0,True,False,65524.087,65533.958,18:12:04.087,18:12:13.958,0.5726531483607769,0.9632054090499877,True,False,3
214,65534.06950306893,65544.06950306892,18:12:14.070,18:12:24.070,0,46,46,0,True,False,65534.17,65543.944,18:12:14.170,18:12:23.944,0.6629912333498422,0.9632054090499877,True,False,3
215,65544.06950306892,65554.06950306892,18:12:24.070,18:12:34.070,0,46,46,0,True,False,65544.162,65553.92,18:12:24.162,18:12:33.920,0.7415727530816129,0.9632054090499877,True,False,3
216,65554.06950306892,65564.06950306892,18:12:34.070,18:12:44.070,0,46,46,0,True,False,65554.14,65564.044,18:12:34.140,18:12:44.044,0.6149416797793817,0.9632054090499877,True,False,3
217,65564.06950306892,65574.06950306892,18:12:44.070,18:12:54.070,0,45,45,0,True,False,65564.264,65573.991,18:12:44.264,18:12:53.991,0.5359133401315592,0.9632054090499877,True,False,3
218,65574.06950306892,65584.06950306892,18:12:54.070,18:13:04.070,0,46,46,0,True,False,65574.209,65583.889,18:12:54.209,18:13:03.889,0.5783146566709421,0.9632054090499877,True,False,3
219,65584.06950306892,65594.06950306892,18:13:04.070,18:13:14.070,0,47,47,0,True,False,65584.1,65594.037,18:13:04.100,18:13:14.037,0.7161206183025873,0.9632054090499877,True,False,3
220,65594.06950306892,65604.06950306892,18:13:14.070,18:13:24.070,0,46,46,0,True,False,65594.247,65603.879,18:13:14.247,18:13:23.879,0.7054765948544904,0.9632054090499877,True,False,3
221,65604.06950306892,65614.06950306892,18:13:24.070,18:13:34.070,3,47,47,0,True,False,65604.107,65614.046,18:13:24.107,18:13:34.046,1.0962681869446935,0.9632054090499877,True,True,3
222,65614.06950306892,65624.06950306892,18:13:34.070,18:13:44.070,0,46,46,0,True,False,65614.273,65624.063,18:13:34.273,18:13:44.063,0.5516797769425271,0.9632054090499877,True,False,3
223,65624.06950306892,65634.06950306892,18:13:44.070,18:13:54.070,0,46,46,0,True,False,65624.278,65633.988,18:13:44.278,18:13:53.988,0.6329332847877837,0.9632054090499877,True,False,3
224,65634.06950306892,65644.06950306892,18:13:54.070,18:14:04.070,0,46,18,28,True,False,65634.198,65643.934,18:13:54.198,18:14:03.934,0.7364771468178599,0.9632054090499877,True,False,3
225,65644.06950306892,65654.06950306892,18:14:04.070,18:14:14.070,0,44,0,44,True,False,65644.159,65653.891,18:14:04.159,18:14:13.891,0.6222012258329337,0.9632054090499877,False,False,0
226,65654.06950306892,65664.06950306892,18:14:14.070,18:14:24.070,0,46,0,46,True,False,65654.107,65664.068,18:14:14.107,18:14:24.068,0.5393577242798271,0.9632054090499877,False,False,0
227,65664.06950306892,65674.06950306892,18:14:24.070,18:14:34.070,0,44,0,44,True,False,65664.277,65673.893,18:14:24.277,18:14:33.893,0.5854699393589042,0.9632054090499877,False,False,0
228,65674.06950306892,65684.06950306892,18:14:34.070,18:14:44.070,0,45,0,45,True,False,65674.152,65683.924,18:14:34.152,18:14:43.924,0.7293065387376715,0.9632054090499877,False,False,0
229,65684.06950306892,65694.06950306892,18:14:44.070,18:14:54.070,0,45,0,45,True,False,65684.134,65693.901,18:14:44.134,18:14:53.901,0.7247553505876412,0.9632054090499877,False,False,0
230,65694.06950306892,65704.06950306892,18:14:54.070,18:15:04.070,0,45,0,45,True,False,65694.132,65703.993,18:14:54.132,18:15:03.993,0.5485822464465607,0.9632054090499877,False,False,0
231,65704.06950306892,65714.06950306892,18:15:04.070,18:15:14.070,0,46,0,46,True,False,65704.212,65713.985,18:15:04.212,18:15:13.985,0.5704737122995573,0.9632054090499877,False,False,0
232,65714.06950306892,65724.06950306892,18:15:14.070,18:15:24.070,0,46,0,46,True,False,65714.205,65723.899,18:15:14.205,18:15:23.899,0.6512067212886727,0.9632054090499877,False,False,0
233,65724.06950306892,65734.06950306892,18:15:24.070,18:15:34.070,0,47,0,47,True,False,65724.115,65734.046,18:15:24.115,18:15:34.046,0.7626464517472261,0.9632054090499877,False,False,0
234,65734.06950306892,65744.06950306892,18:15:34.070,18:15:44.070,0,45,0,45,True,False,65734.272,65743.874,18:15:34.272,18:15:43.874,0.6356543645505838,0.9632054090499877,False,False,0
235,65744.06950306892,65754.06950306892,18:15:44.070,18:15:54.070,0,47,0,47,True,False,65744.091,65754.029,18:15:44.091,18:15:54.029,0.5535170777137423,0.9632054090499877,False,False,0
236,65754.06950306892,65764.06950306892,18:15:54.070,18:16:04.070,0,45,0,45,True,False,65754.242,65763.874,18:15:54.242,18:16:03.874,0.5984915414115982,0.9632054090499877,False,False,0
237,65764.06950306892,65774.06950306892,18:16:04.070,18:16:14.070,0,44,0,44,True,False,65764.096,65774.018,18:16:04.096,18:16:14.018,0.7545673195251072,0.9632054090499877,False,False,0
238,65774.06950306892,65784.06950306892,18:16:14.070,18:16:24.070,0,43,0,43,True,False,65774.256,65783.965,18:16:14.256,18:16:23.965,0.7504547472250941,0.9632054090499877,False,False,0
239,65784.06950306892,65794.06950306892,18:16:24.070,18:16:34.070,0,45,0,45,True,False,65784.191,65793.997,18:16:24.191,18:16:33.997,0.5757687461421251,0.9632054090499877,False,False,0
240,65794.06950306892,65804.06950306892,18:16:34.070,18:16:44.070,0,44,0,44,True,False,65794.206,65804.064,18:16:34.206,18:16:44.064,0.5950649000029193,0.9632054090499877,False,False,0
241,65804.06950306892,65814.06950306892,18:16:44.070,18:16:54.070,0,44,0,44,True,False,65804.304,65814.002,18:16:44.304,18:16:54.002,0.6694112256002581,0.9632054090499877,False,False,0
242,65814.06950306892,65824.06950306892,18:16:54.070,18:17:04.070,0,45,0,45,True,False,65814.214,65823.898,18:16:54.214,18:17:03.898,0.7895646835267981,0.9632054090499877,False,False,0
243,65824.06950306892,65834.06950306892,18:17:04.070,18:17:14.070,0,46,0,46,True,False,65824.114,65833.928,18:17:04.114,18:17:13.928,0.692644202040322,0.9632054090499877,False,False,0
244,65834.06950306892,65844.06950306892,18:17:14.070,18:17:24.070,0,46,0,46,True,False,65834.148,65844.02,18:17:14.148,18:17:24.020,0.5793755986156631,0.9632054090499877,False,False,0
245,65844.06950306892,65854.06950306892,18:17:24.070,18:17:34.070,0,45,0,45,True,False,65844.229,65853.863,18:17:24.229,18:17:33.863,0.6251197813552251,0.9632054090499877,False,False,0
246,65854.06950306892,65864.06950306892,18:17:34.070,18:17:44.070,0,45,0,45,True,False,65854.089,65863.941,18:17:34.089,18:17:43.941,0.7268964977768355,0.9632054090499877,False,False,0
247,65864.06950306892,65874.06950306892,18:17:44.070,18:17:54.070,0,45,0,45,True,False,65864.151,65873.901,18:17:44.151,18:17:53.901,0.7025876361557184,0.9632054090499877,False,False,0
248,65874.06950306892,65884.06950306892,18:17:54.070,18:18:04.070,0,46,0,46,True,False,65874.118,65883.891,18:17:54.118,18:18:03.891,0.582958470093421,0.9632054090499877,False,False,0
249,65884.06950306892,65894.06950306892,18:18:04.070,18:18:14.070,0,44,0,44,True,False,65884.112,65893.894,18:18:04.112,18:18:13.894,0.6008701756585602,0.9632054090499877,False,False,0
250,65894.06950306892,65904.06950306892,18:18:14.070,18:18:24.070,0,44,0,44,True,False,65894.131,65903.904,18:18:14.131,18:18:23.904,0.6880582461093813,0.9632054090499877,False,False,0
251,65904.06950306892,65914.06950306892,18:18:24.070,18:18:34.070,0,46,0,46,True,False,65904.116,65914.06,18:18:24.116,18:18:34.060,0.7995627028344191,0.9632054090499877,False,False,0
252,65914.06950306892,65924.06950306892,18:18:34.070,18:18:44.070,0,44,0,44,True,False,65914.278,65924.001,18:18:34.278,18:18:44.001,0.6816699720047208,0.9632054090499877,False,False,0
253,65924.06950306892,65934.06950306892,18:18:44.070,18:18:54.070,0,44,0,44,True,False,65924.248,65933.897,18:18:44.248,18:18:53.897,0.6016762038510706,0.9632054090499877,False,False,0
254,65934.06950306892,65944.06950306892,18:18:54.070,18:19:04.070,0,46,27,19,True,False,65934.126,65944.065,18:18:54.126,18:19:04.065,0.6461605402329593,0.9632054090499877,True,False,3
255,65944.06950306892,65954.06950306892,18:19:04.070,18:19:14.070,0,45,45,0,True,False,65944.276,65953.872,18:19:04.276,18:19:13.872,0.7683586966608509,0.9632054090499877,True,False,3
256,65954.06950306892,65964.06950306892,18:19:14.070,18:19:24.070,0,47,47,0,True,False,65954.079,65964.025,18:19:14.079,18:19:24.025,0.7848828090864528,0.9632054090499877,True,False,3
257,65964.06950306892,65974.06950306892,18:19:24.070,18:19:34.070,0,46,46,0,True,False,65964.234,65973.964,18:19:24.234,18:19:33.964,0.6084009252137818,0.9632054090499877,True,False,3
258,65974.06950306892,65984.06950306892,18:19:34.070,18:19:44.070,0,46,46,0,True,False,65974.184,65983.976,18:19:34.184,18:19:43.976,0.6210791545015317,0.9632054090499877,True,False,3
259,65984.06950306892,65994.06950306892,18:19:44.070,18:19:54.070,0,46,46,0,True,False,65984.192,65994.02,18:19:44.192,18:19:54.020,0.6962723108519483,0.9632054090499877,True,False,3
260,65994.06950306892,66004.06950306892,18:19:54.070,18:20:04.070,0,45,45,0,True,False,65994.23,66003.864,18:19:54.230,18:20:03.864,0.8114892745863791,0.9632054090499877,True,False,3
261,66004.06950306892,66014.06950306892,18:20:04.070,18:20:14.070,0,45,45,0,True,False,66004.097,66013.916,18:20:04.097,18:20:13.916,0.7744172836278205,0.9632054090499877,True,False,3
262,66014.06950306892,66024.06950306892,18:20:14.070,18:20:24.070,0,45,45,0,True,False,66014.148,66024.033,18:20:14.148,18:20:24.033,0.6059997981102335,0.9632054090499877,True,False,3
263,66024.06950306892,66034.06950306892,18:20:24.070,18:20:34.070,0,44,44,0,True,False,66024.248,66033.914,18:20:24.248,18:20:33.914,0.6495624020574059,0.9632054090499877,True,False,3
264,66034.06950306892,66044.06950306892,18:20:34.070,18:20:44.070,0,45,45,0,True,False,66034.13,66043.988,18:20:34.130,18:20:43.988,0.7370093449968104,0.9632054090499877,True,False,3
265,66044.06950306892,66054.06950306892,18:20:44.070,18:20:54.070,0,44,44,0,True,False,66044.204,66053.947,18:20:44.204,18:20:53.947,0.8247011356213392,0.9632054090499877,True,False,3
266,66054.06950306892,66064.06950306892,18:20:54.070,18:21:04.070,0,45,20,25,True,False,66054.163,66064.06,18:20:54.163,18:21:04.060,0.7460985817840701,0.9632054090499877,True,False,3
267,66064.06950306892,66074.06950306892,18:21:04.070,18:21:14.070,0,46,0,46,True,False,66064.273,66074.055,18:21:04.273,18:21:14.055,0.6235529027495503,0.9632054090499877,False,False,0
268,66074.06950306892,66084.06950306892,18:21:14.070,18:21:24.070,0,45,0,45,True,False,66074.268,66083.98,18:21:14.268,18:21:23.980,0.6705590564509217,0.9632054090499877,False,False,0
269,66084.06950306892,66094.06950306892,18:21:24.070,18:21:34.070,0,46,0,46,True,False,66084.189,66094.015,18:21:24.189,18:21:34.015,0.7939859471460934,0.9632054090499877,False,False,0
270,66094.06950306892,66104.06950306892,18:21:34.070,18:21:44.070,0,45,0,45,True,False,66094.225,66103.885,18:21:34.225,18:21:43.885,0.8297687104818395,0.9632054090499877,False,False,0
271,66104.06950306892,66114.06950306892,18:21:44.070,18:21:54.070,0,46,0,46,True,False,66104.096,66113.883,18:21:44.096,18:21:53.883,0.6732928647775238,0.9632054090499877,False,False,0
272,66114.06950306892,66124.06950306892,18:21:54.070,18:22:04.070,0,45,0,45,True,False,66114.099,66123.883,18:21:54.099,18:22:03.883,0.6576225279300335,0.9632054090499877,False,False,0
273,66124.06950306892,66134.06950306892,18:22:04.070,18:22:14.070,0,44,0,44,True,False,66124.114,66133.967,18:22:04.114,18:22:13.967,0.7175374029436128,0.9632054090499877,False,False,0
274,66134.06950306892,66144.06950306892,18:22:14.070,18:22:24.070,0,44,0,44,True,False,66134.192,66143.968,18:22:14.192,18:22:23.968,0.8580941285003799,0.9632054090499877,False,False,0
275,66144.06950306892,66154.06950306892,18:22:24.070,18:22:34.070,0,44,0,44,True,False,66144.205,66153.879,18:22:24.205,18:22:33.879,0.8053039202160354,0.9632054090499877,False,False,0
276,66154.06950306892,66164.06950306892,18:22:34.070,18:22:44.070,0,44,0,44,True,False,66154.151,66163.87,18:22:34.151,18:22:43.870,0.6404544655471357,0.9632054090499877,False,False,0
277,66164.06950306892,66174.06950306892,18:22:44.070,18:22:54.070,0,44,0,44,True,False,66164.088,66173.913,18:22:44.088,18:22:53.913,0.6922003137575876,0.9632054090499877,False,False,0
278,66174.06950306892,66184.06950306892,18:22:54.070,18:23:04.070,0,45,0,45,True,False,66174.132,66183.917,18:22:54.132,18:23:03.917,0.8067607453990618,0.9632054090499877,False,False,0
279,66184.06950306892,66194.06950306892,18:23:04.070,18:23:14.070,0,46,0,46,True,False,66184.131,66193.975,18:23:04.131,18:23:13.975,0.8577186748464453,0.9632054090499877,False,False,0
280,66194.06950306892,66204.06950306892,18:23:14.070,18:23:24.070,0,46,0,46,True,False,66194.188,66203.947,18:23:14.188,18:23:23.947,0.7024446568827906,0.9632054090499877,False,False,0
281,66204.06950306892,66214.06950306892,18:23:24.070,18:23:34.070,0,45,0,45,True,False,66204.167,66214.067,18:23:24.167,18:23:34.067,0.6832233003581553,0.9632054090499877,False,False,0
282,66214.06950306892,66224.06950306892,18:23:34.070,18:23:44.070,0,46,0,46,True,False,66214.279,66223.963,18:23:34.279,18:23:43.963,0.7516776373514525,0.9632054090499877,False,False,0
283,66224.06950306892,66234.06950306892,18:23:44.070,18:23:54.070,0,45,0,45,True,False,66224.184,66233.86,18:23:44.184,18:23:53.860,0.8802986990773816,0.9632054090499877,False,False,0
284,66234.06950306892,66244.06950306892,18:23:54.070,18:24:04.070,0,45,0,45,True,False,66234.127,66243.817,18:23:54.127,18:24:03.817,0.7994519549818492,0.9632054090499877,False,False,0
285,66244.06950306892,66254.06950306892,18:24:04.070,18:24:14.070,0,43,0,43,True,False,66244.08,66253.941,18:24:04.080,18:24:13.941,0.66350928002829,0.9632054090499877,False,False,0
287,66264.06950306892,66274.06950306892,18:24:24.070,18:24:34.070,0,43,0,43,True,False,66264.217,66273.885,18:24:24.217,18:24:33.885,0.847162290864032,0.9632054090499877,False,False,0
288,66274.06950306892,66284.06950306892,18:24:34.070,18:24:44.070,0,44,0,44,True,False,66274.099,66283.876,18:24:34.099,18:24:43.876,0.8770198820028258,0.9632054090499877,False,False,0
289,66284.06950306892,66294.06950306892,18:24:44.070,18:24:54.070,0,45,0,45,True,False,66284.096,66294.01,18:24:44.096,18:24:54.010,0.7178679570616109,0.9632054090499877,False,False,0
290,66294.06950306892,66304.06950306892,18:24:54.070,18:25:04.070,0,45,0,45,True,False,66294.231,66304.039,18:24:54.231,18:25:04.039,0.7092456816050852,0.9632054090499877,False,False,0
291,66304.06950306892,66314.06950306892,18:25:04.070,18:25:14.070,0,45,0,45,True,False,66304.256,66313.929,18:25:04.256,18:25:13.929,0.7744479707480393,0.9632054090499877,False,False,0
292,66314.06950306892,66324.06950306892,18:25:14.070,18:25:24.070,0,46,0,46,True,False,66314.139,66324.068,18:25:14.139,18:25:24.068,0.9079224957689979,0.9632054090499877,False,False,0
293,66324.06950306892,66334.06950306892,18:25:24.070,18:25:34.070,0,45,0,45,True,False,66324.281,66334.019,18:25:24.281,18:25:34.019,0.8162757024010706,0.9632054090499877,False,False,0
294,66334.06950306892,66344.06950306892,18:25:34.070,18:25:44.070,0,45,0,45,True,False,66334.229,66343.836,18:25:34.229,18:25:43.836,0.6973441228376561,0.9632054090499877,False,False,0
295,66344.06950306892,66354.06950306892,18:25:44.070,18:25:54.070,0,46,0,46,True,False,66344.086,66353.96,18:25:44.086,18:25:53.960,0.7473984592305672,0.9632054090499877,False,False,0
296,66354.06950306892,66364.06950306892,18:25:54.070,18:26:04.070,0,45,23,22,True,False,66354.173,66363.911,18:25:54.173,18:26:03.911,0.875921715435776,0.9632054090499877,True,False,3
297,66364.06950306892,66374.06950306892,18:26:04.070,18:26:14.070,0,44,44,0,True,False,66364.155,66373.961,18:26:04.155,18:26:13.961,0.8971229030997749,0.9632054090499877,True,False,3
298,66374.06950306892,66384.06950306892,18:26:14.070,18:26:24.070,0,44,44,0,True,False,66374.17,66383.824,18:26:14.170,18:26:23.824,0.7258252228907925,0.9632054090499877,True,False,3
299,66384.06950306892,66394.06950306892,18:26:24.070,18:26:34.070,0,45,45,0,True,False,66384.101,66393.977,18:26:24.101,18:26:33.977,0.7266749910223275,0.9632054090499877,True,False,3
300,66394.06950306892,66404.06950306892,18:26:34.070,18:26:44.070,0,44,44,0,True,False,66394.235,66404.06,18:26:34.235,18:26:44.060,0.7917672935767113,0.9632054090499877,True,False,3
301,66404.06950306892,66414.06950306892,18:26:44.070,18:26:54.070,0,44,44,0,True,False,66404.3,66414.065,18:26:44.300,18:26:54.065,0.9308934643103616,0.9632054090499877,True,False,3
302,66414.06950306892,66424.06950306892,18:26:54.070,18:27:04.070,0,46,46,0,True,False,66414.293,66424.049,18:26:54.293,18:27:04.049,0.8825789739929176,0.9632054090499877,True,False,3
303,66424.06950306892,66434.06950306892,18:27:04.070,18:27:14.070,0,45,45,0,True,False,66424.267,66433.911,18:27:04.267,18:27:13.911,0.7124126856598284,0.9632054090499877,True,False,3
304,66434.06950306892,66444.06950306892,18:27:14.070,18:27:24.070,0,44,44,0,True,False,66434.139,66444.027,18:27:14.139,18:27:24.027,0.7595480136879046,0.9632054090499877,True,False,3
305,66444.06950306892,66454.06950306892,18:27:24.070,18:27:34.070,0,45,45,0,True,False,66444.238,66453.968,18:27:24.238,18:27:33.968,0.8597162880576499,0.9632054090499877,True,False,3
306,66454.06950306892,66464.06950306892,18:27:34.070,18:27:44.070,0,44,44,0,True,False,66454.174,66463.965,18:27:34.174,18:27:43.965,0.9350310236799823,0.9632054090499877,True,False,3
307,66464.06950306892,66474.06950306892,18:27:44.070,18:27:54.070,0,43,43,0,True,False,66464.175,66473.967,18:27:44.175,18:27:53.967,0.8403082557320867,0.9632054090499877,True,False,3
308,66474.06950306892,66484.06950306892,18:27:54.070,18:28:04.070,0,44,21,23,True,False,66474.248,66483.872,18:27:54.248,18:28:03.872,0.7369679536011507,0.9632054090499877,True,False,3
309,66484.06950306892,66494.06950306892,18:28:04.070,18:28:14.070,0,43,0,43,True,False,66484.109,66493.944,18:28:04.109,18:28:13.944,0.7838038065662212,0.9632054090499877,False,False,0
310,66494.06950306892,66504.06950306892,18:28:14.070,18:28:24.070,0,44,0,44,True,False,66494.152,66503.953,18:28:14.152,18:28:23.953,0.9132930580144238,0.9632054090499877,False,False,0
311,66504.06950306892,66514.06950306892,18:28:24.070,18:28:34.070,0,43,0,43,True,False,66504.187,66513.938,18:28:24.187,18:28:33.938,0.9357952736740883,0.9632054090499877,False,False,0
312,66514.06950306892,66524.06950306892,18:28:34.070,18:28:44.070,0,43,0,43,True,False,66514.166,66523.868,18:28:34.166,18:28:43.868,0.7717331285678019,0.9632054090499877,False,False,0
313,66524.06950306892,66534.06950306892,18:28:44.070,18:28:54.070,0,43,0,43,True,False,66524.124,66534.05,18:28:44.124,18:28:54.050,0.7726298485666849,0.9632054090499877,False,False,0
314,66534.06950306892,66544.06950306892,18:28:54.070,18:29:04.070,0,44,0,44,True,False,66534.279,66543.876,18:28:54.279,18:29:03.876,0.8414871907489162,0.9632054090499877,False,False,0
315,66544.06950306892,66554.06950306892,18:29:04.070,18:29:14.070,0,45,0,45,True,False,66544.118,66553.885,18:29:04.118,18:29:13.885,0.971671125407988,0.9632054090499877,False,False,0
316,66554.06950306892,66564.06950306892,18:29:14.070,18:29:24.070,0,46,0,46,True,False,66554.092,66563.942,18:29:14.092,18:29:23.942,0.869447625012671,0.9632054090499877,False,False,0
317,66564.06950306892,66574.06950306892,18:29:24.070,18:29:34.070,0,46,0,46,True,False,66564.158,66574.001,18:29:24.158,18:29:34.001,0.763660016101183,0.9632054090499877,False,False,0
318,66574.06950306892,66584.06950306892,18:29:34.070,18:29:44.070,0,44,0,44,True,False,66574.22,66583.875,18:29:34.220,18:29:43.875,0.8101907208075205,0.9632054090499877,False,False,0
319,66584.06950306892,66594.06950306892,18:29:44.070,18:29:54.070,0,46,0,46,True,False,66584.102,66593.997,18:29:44.102,18:29:53.997,0.9431131609649397,0.9632054090499877,False,False,0
320,66594.06950306892,66604.06950306892,18:29:54.070,18:30:04.070,0,43,0,43,True,False,66594.216,66603.858,18:29:54.216,18:30:03.858,0.9796225079764413,0.9632054090499877,False,False,0
321,66604.06950306892,66614.06950306892,18:30:04.070,18:30:14.070,0,42,0,42,True,False,66604.074,66613.932,18:30:04.074,18:30:13.932,0.8042221067421123,0.9632054090499877,False,False,0
322,66614.06950306892,66624.06950306892,18:30:14.070,18:30:24.070,0,44,0,44,True,False,66614.187,66623.915,18:30:14.187,18:30:23.915,0.8120548940026757,0.9632054090499877,False,False,0
323,66624.06950306892,66634.06950306892,18:30:24.070,18:30:34.070,0,40,0,40,True,False,66624.143,66634.002,18:30:24.143,18:30:34.002,0.8807304380122393,0.9632054090499877,False,False,0
325,66644.06950306892,66654.06950306892,18:30:44.070,18:30:54.070,0,40,0,40,True,False,66644.086,66653.9,18:30:44.086,18:30:53.900,0.87070465066123,0.9632054090499877,False,False,0
326,66654.06950306892,66664.06950306892,18:30:54.070,18:31:04.070,0,43,0,43,True,False,66654.144,66663.927,18:30:54.144,18:31:03.927,0.7800359502353387,0.9632054090499877,False,False,0
327,66664.06950306892,66674.06950306892,18:31:04.070,18:31:14.070,0,42,0,42,True,False,66664.139,66673.867,18:31:04.139,18:31:13.867,0.8166589280863423,0.9632054090499877,False,False,0
328,66674.06950306892,66684.06950306892,18:31:14.070,18:31:24.070,0,43,0,43,True,False,66674.1,66684.033,18:31:14.100,18:31:24.033,0.9448533166861532,0.9632054090499877,False,False,0
329,66684.06950306892,66694.06950306892,18:31:24.070,18:31:34.070,0,45,0,45,True,False,66684.284,66694.016,18:31:24.284,18:31:34.016,0.954057311799706,0.9632054090499877,False,False,0
330,66694.06950306892,66704.06950306892,18:31:34.070,18:31:44.070,0,45,0,45,True,False,66694.236,66703.849,18:31:34.236,18:31:43.849,0.7650636459345865,0.9632054090499877,False,False,0
331,66704.06950306892,66714.06950306892,18:31:44.070,18:31:54.070,0,46,0,46,True,False,66704.118,66713.966,18:31:44.118,18:31:53.966,0.7731195531076608,0.9632054090499877,False,False,0
332,66714.06950306892,66724.06950306892,18:31:54.070,18:32:04.070,0,44,0,44,True,False,66714.186,66723.895,18:31:54.186,18:32:03.895,0.8315342987945021,0.9632054090499877,False,False,0
333,66724.06950306892,66734.06950306892,18:32:04.070,18:32:14.070,0,41,0,41,True,False,66724.164,66733.833,18:32:04.164,18:32:13.833,0.9711510260469562,0.9632054090499877,False,False,0
334,66734.06950306892,66744.06950306892,18:32:14.070,18:32:24.070,0,42,0,42,True,False,66734.089,66743.884,18:32:14.089,18:32:23.884,0.8865674334640427,0.9632054090499877,False,False,0
336,66754.06950306892,66764.06950306892,18:32:34.070,18:32:44.070,0,43,0,43,True,False,66754.077,66764.0,18:32:34.077,18:32:44.000,0.7837983950189386,0.9632054090499877,False,False,0
337,66764.06950306892,66774.06950306892,18:32:44.070,18:32:54.070,0,42,0,42,True,False,66764.251,66774.062,18:32:44.251,18:32:54.062,0.9055619010585716,0.9632054090499877,False,False,0
338,66774.06950306892,66784.06950306892,18:32:54.070,18:33:04.070,0,44,22,22,True,False,66774.278,66783.941,18:32:54.278,18:33:03.941,0.928962360517743,0.9632054090499877,True,False,3
339,66784.06950306892,66794.06950306892,18:33:04.070,18:33:14.070,0,45,45,0,True,False,66784.176,66793.898,18:33:04.176,18:33:13.898,0.7940160113795416,0.9632054090499877,True,False,3
340,66794.06950306892,66804.06950306892,18:33:14.070,18:33:24.070,0,44,44,0,True,False,66794.129,66803.875,18:33:14.129,18:33:23.875,0.739038293843933,0.9632054090499877,True,False,3
341,66804.06950306892,66814.06950306892,18:33:24.070,18:33:34.070,0,46,46,0,True,False,66804.112,66813.986,18:33:24.112,18:33:33.986,0.777368462435032,0.9632054090499877,True,False,3
342,66814.06950306892,66824.06950306892,18:33:34.070,18:33:44.070,0,44,44,0,True,False,66814.247,66823.922,18:33:34.247,18:33:43.922,0.903591415893493,0.9632054090499877,True,False,3
343,66824.06950306892,66834.06950306892,18:33:44.070,18:33:54.070,0,45,45,0,True,False,66824.148,66833.896,18:33:44.148,18:33:53.896,0.8969582449721168,0.9632054090499877,True,False,3
344,66834.06950306892,66844.06950306892,18:33:54.070,18:34:04.070,0,43,43,0,True,False,66834.103,66843.928,18:33:54.103,18:34:03.928,0.737030561408812,0.9632054090499877,True,False,3
345,66844.06950306892,66854.06950306892,18:34:04.070,18:34:14.070,0,42,42,0,True,False,66844.161,66853.93,18:34:04.161,18:34:13.930,0.732522373933314,0.9632054090499877,True,False,3
346,66854.06950306892,66864.06950306892,18:34:14.070,18:34:24.070,0,42,42,0,True,False,66854.175,66863.976,18:34:14.175,18:34:23.976,0.7973798114149654,0.9632054090499877,True,False,3
347,66864.06950306892,66874.06950306892,18:34:24.070,18:34:34.070,0,42,42,0,True,False,66864.216,66874.015,18:34:24.216,18:34:34.015,0.8964840114820499,0.9632054090499877,True,False,3
348,66874.06950306892,66884.06950306892,18:34:34.070,18:34:44.070,0,41,41,0,True,False,66874.237,66883.801,18:34:34.237,18:34:43.801,0.8593675564786604,0.9632054090499877,True,False,3
349,66884.06950306892,66894.06950306892,18:34:44.070,18:34:54.070,0,44,44,0,True,False,66884.076,66893.923,18:34:44.076,18:34:53.923,0.6924576324276286,0.9632054090499877,True,False,3
350,66894.06950306892,66904.06950306892,18:34:54.070,18:35:04.070,0,43,22,21,True,False,66894.207,66903.935,18:34:54.207,18:35:03.935,0.7226833075683531,0.9632054090499877,True,False,3
351,66904.06950306892,66914.06950306892,18:35:04.070,18:35:14.070,0,45,0,45,True,False,66904.162,66914.053,18:35:04.162,18:35:14.053,0.8063390941947285,0.9632054090499877,False,False,0
352,66914.06950306892,66924.06950306892,18:35:14.070,18:35:24.070,0,45,0,45,True,False,66914.274,66924.036,18:35:14.274,18:35:24.036,0.8920599193709918,0.9632054090499877,False,False,0
353,66924.06950306892,66934.06950306892,18:35:24.070,18:35:34.070,0,44,0,44,True,False,66924.306,66934.033,18:35:24.306,18:35:34.033,0.7515588238481897,0.9632054090499877,False,False,0
354,66934.06950306892,66944.06950306892,18:35:34.070,18:35:44.070,0,44,0,44,True,False,66934.254,66943.874,18:35:34.254,18:35:43.874,0.6913303026882275,0.9632054090499877,False,False,0
355,66944.06950306892,66954.06950306892,18:35:44.070,18:35:54.070,0,46,0,46,True,False,66944.101,66954.031,18:35:44.101,18:35:54.031,0.7355714050020752,0.9632054090499877,False,False,0
356,66954.06950306892,66964.06950306892,18:35:54.070,18:36:04.070,0,42,0,42,True,False,66954.25,66963.94,18:35:54.250,18:36:03.940,0.8770448591778055,0.9632054090499877,False,False,0
357,66964.06950306892,66974.06950306892,18:36:04.070,18:36:14.070,0,43,0,43,True,False,66964.167,66973.978,18:36:04.167,18:36:13.978,0.8373619787353609,0.9632054090499877,False,False,0
358,66974.06950306892,66984.06950306892,18:36:14.070,18:36:24.070,0,42,0,42,True,False,66974.186,66983.869,18:36:14.186,18:36:23.869,0.6507032483686012,0.9632054090499877,False,False,0
359,66984.06950306892,66994.06950306892,18:36:24.070,18:36:34.070,0,43,0,43,True,False,66984.104,66993.884,18:36:24.104,18:36:33.884,0.6969588522066483,0.9632054090499877,False,False,0
360,66994.06950306892,67004.06950306892,18:36:34.070,18:36:44.070,0,43,0,43,True,False,66994.118,67003.927,18:36:34.118,18:36:43.927,0.7984723821158167,0.9632054090499877,False,False,0
362,67014.06950306892,67024.06950306892,18:36:54.070,18:37:04.070,0,43,0,43,True,False,67014.095,67023.863,18:36:54.095,18:37:03.863,0.7125273858121075,0.9632054090499877,False,False,0
363,67024.06950306892,67034.06950306892,18:37:04.070,18:37:14.070,0,45,0,45,True,False,67024.073,67033.876,18:37:04.073,18:37:13.876,0.6618328516866934,0.9632054090499877,False,False,0
364,67034.06950306892,67044.06950306892,18:37:14.070,18:37:24.070,0,43,0,43,True,False,67034.112,67043.997,18:37:14.112,18:37:23.997,0.7025418834383169,0.9632054090499877,False,False,0
365,67044.06950306892,67054.06950306892,18:37:24.070,18:37:34.070,0,43,0,43,True,False,67044.224,67053.925,18:37:24.224,18:37:33.925,0.8480290255681364,0.9632054090499877,False,False,0
366,67054.06950306892,67064.06950306892,18:37:34.070,18:37:44.070,0,44,0,44,True,False,67054.143,67064.025,18:37:34.143,18:37:44.025,0.8162368425768318,0.9632054090499877,False,False,0
367,67064.06950306892,67074.06950306892,18:37:44.070,18:37:54.070,0,43,0,43,True,False,67064.281,67074.011,18:37:44.281,18:37:54.011,0.6175067367891927,0.9632054090499877,False,False,0
368,67074.06950306892,67084.06950306892,18:37:54.070,18:38:04.070,0,43,0,43,True,False,67074.254,67083.922,18:37:54.254,18:38:03.922,0.6557072039121674,0.9632054090499877,False,False,0
369,67084.06950306892,67094.06950306892,18:38:04.070,18:38:14.070,0,43,0,43,True,False,67084.159,67093.979,18:38:04.159,18:38:13.979,0.7523086900957567,0.9632054090499877,False,False,0
370,67094.06950306892,67104.06950306892,18:38:14.070,18:38:24.070,0,41,0,41,True,False,67094.208,67103.666,18:38:14.208,18:38:23.666,0.8328487115084706,0.9632054090499877,False,False,0
372,67114.06950306892,67124.06950306892,18:38:34.070,18:38:44.070,0,41,0,41,True,False,67114.291,67123.902,18:38:34.291,18:38:43.902,0.6277859383889451,0.9632054090499877,False,False,0
373,67124.06950306892,67134.06950306892,18:38:44.070,18:38:54.070,0,40,0,40,True,False,67124.115,67133.895,18:38:44.115,18:38:53.895,0.6652098654037659,0.9632054090499877,False,False,0
374,67134.06950306892,67144.06950306892,18:38:54.070,18:39:04.070,0,41,0,41,True,False,67134.126,67143.905,18:38:54.126,18:39:03.905,0.8092092186419516,0.9632054090499877,False,False,0
375,67144.06950306892,67154.06950306892,18:39:04.070,18:39:14.070,0,44,0,44,True,False,67144.124,67153.837,18:39:04.124,18:39:13.837,0.788885636583847,0.9632054090499877,False,False,0
376,67154.06950306892,67164.06950306892,18:39:14.070,18:39:24.070,0,45,0,45,True,False,67154.072,67163.878,18:39:14.072,18:39:23.878,0.6024729409468462,0.9632054090499877,False,False,0
377,67164.06950306892,67174.06950306892,18:39:24.070,18:39:34.070,0,45,0,45,True,False,67164.106,67174.06,18:39:24.106,18:39:34.060,0.6350223115993353,0.9632054090499877,False,False,0
378,67174.06950306892,67184.06950306892,18:39:34.070,18:39:44.070,0,44,0,44,True,False,67174.276,67184.027,18:39:34.276,18:39:44.027,0.7215611716277791,0.9632054090499877,False,False,0
379,67184.06950306892,67194.06950306892,18:39:44.070,18:39:54.070,0,45,0,45,True,False,67184.255,67194.043,18:39:44.255,18:39:54.043,0.8028349980583543,0.9632054090499877,False,False,0
380,67194.06950306892,67204.06950306892,18:39:54.070,18:40:04.070,0,43,19,24,True,False,67194.26,67203.976,18:39:54.260,18:40:03.976,0.6727969589443032,0.9632054090499877,True,False,3
381,67204.06950306892,67214.06950306892,18:40:04.070,18:40:14.070,0,41,41,0,True,False,67204.189,67213.796,18:40:04.189,18:40:13.796,0.5983680630596825,0.9632054090499877,True,False,3
382,67214.06950306892,67224.06950306892,18:40:14.070,18:40:24.070,0,42,42,0,True,False,67214.098,67223.857,18:40:14.098,18:40:23.857,0.6366150264132502,0.9632054090499877,True,False,3
383,67224.06950306892,67234.06950306892,18:40:24.070,18:40:34.070,0,42,42,0,True,False,67224.144,67233.898,18:40:24.144,18:40:33.898,0.7546179633387442,0.9632054090499877,True,False,3
384,67234.06950306892,67244.06950306892,18:40:34.070,18:40:44.070,0,43,43,0,True,False,67234.127,67243.895,18:40:34.127,18:40:43.895,0.7634169111028936,0.9632054090499877,True,False,3
385,67244.06950306892,67254.06950306892,18:40:44.070,18:40:54.070,0,43,43,0,True,False,67244.163,67254.024,18:40:44.163,18:40:54.024,0.6016588431445088,0.9632054090499877,True,False,3
386,67254.06950306892,67264.06950306892,18:40:54.070,18:41:04.070,0,43,43,0,True,False,67254.279,67263.856,18:40:54.279,18:41:03.856,0.5781701552355,0.9632054090499877,True,False,3
387,67264.06950306892,67274.06950306892,18:41:04.070,18:41:14.070,0,44,44,0,True,False,67264.103,67273.882,18:41:04.103,18:41:13.882,0.6206194702818683,0.9632054090499877,True,False,3
388,67274.06950306892,67284.06950306892,18:41:14.070,18:41:24.070,0,45,45,0,True,False,67274.088,67284.033,18:41:14.088,18:41:24.033,0.7643159652706902,0.9632054090499877,True,False,3
389,67284.06950306892,67294.06950306892,18:41:24.070,18:41:34.070,0,44,44,0,True,False,67284.248,67294.022,18:41:24.248,18:41:34.022,0.7362461955391255,0.9632054090499877,True,False,3
390,67294.06950306892,67304.06950306892,18:41:34.070,18:41:44.070,0,45,45,0,True,False,67294.23,67304.052,18:41:34.230,18:41:44.052,0.5536576587718217,0.9632054090499877,True,False,3
391,67304.06950306892,67314.06950306892,18:41:44.070,18:41:54.070,0,44,44,0,True,False,67304.279,67313.885,18:41:44.279,18:41:53.885,0.5853885302513676,0.9632054090499877,True,False,3
392,67314.06950306892,67324.06950306892,18:41:54.070,18:42:04.070,0,44,44,0,True,False,67314.134,67323.876,18:41:54.134,18:42:03.876,0.6714466266840018,0.9632054090499877,True,False,3
393,67324.06950306892,67334.06950306892,18:42:04.070,18:42:14.070,0,40,40,0,True,False,67324.144,67333.676,18:42:04.144,18:42:13.676,0.7588508604059904,0.9632054090499877,True,False,3
394,67334.06950306892,67344.06950306892,18:42:14.070,18:42:24.070,0,42,42,0,True,False,67334.082,67343.915,18:42:14.082,18:42:23.915,0.6603983014668787,0.9632054090499877,True,False,3
395,67344.06950306892,67354.06950306892,18:42:24.070,18:42:34.070,0,41,41,0,True,False,67344.167,67353.913,18:42:24.167,18:42:33.913,0.5511796531263319,0.9632054090499877,True,False,3
396,67354.06950306892,67364.06950306892,18:42:34.070,18:42:44.070,0,40,40,0,True,False,67354.167,67364.026,18:42:34.167,18:42:44.026,0.6026656149311207,0.9632054090499877,True,False,3
397,67364.06950306892,67374.06950306892,18:42:44.070,18:42:54.070,0,42,42,0,True,False,67364.351,67374.065,18:42:44.351,18:42:54.065,0.7306707471288582,0.9632054090499877,True,False,3
398,67374.06950306892,67384.06950306892,18:42:54.070,18:43:04.070,0,42,42,0,True,False,67374.288,67383.862,18:42:54.288,18:43:03.862,0.7576389765070864,0.9632054090499877,True,False,3
399,67384.06950306892,67394.06950306892,18:43:04.070,18:43:14.070,0,44,44,0,True,False,67384.077,67394.043,18:43:04.077,18:43:14.043,0.6240444181931326,0.9632054090499877,True,False,3
400,67394.06950306892,67404.06950306892,18:43:14.070,18:43:24.070,0,44,44,0,True,False,67394.272,67404.061,18:43:14.272,18:43:24.061,0.5827634983472235,0.9632054090499877,True,False,3
401,67404.06950306892,67414.06950306892,18:43:24.070,18:43:34.070,0,44,44,0,True,False,67404.274,67413.864,18:43:24.274,18:43:33.864,0.6312437056060473,0.9632054090499877,True,False,3
402,67414.06950306892,67424.06950306892,18:43:34.070,18:43:44.070,0,45,45,0,True,False,67414.083,67423.947,18:43:34.083,18:43:43.947,0.7834064905756927,0.9632054090499877,True,False,3
403,67424.06950306892,67434.06950306892,18:43:44.070,18:43:54.070,0,45,45,0,True,False,67424.216,67433.963,18:43:44.216,18:43:53.963,0.7555520797745908,0.9632054090499877,True,False,3
404,67434.06950306892,67444.06950306892,18:43:54.070,18:44:04.070,0,42,24,18,True,False,67434.193,67443.975,18:43:54.193,18:44:03.975,0.5923517316588616,0.9632054090499877,True,False,3
406,67454.06950306892,67464.06950306892,18:44:14.070,18:44:24.070,0,41,0,41,True,False,67454.157,67463.918,18:44:14.157,18:44:23.918,0.6860017542212591,0.9632054090499877,False,False,0
407,67464.06950306892,67474.06950306892,18:44:24.070,18:44:34.070,0,41,0,41,True,False,67464.185,67473.92,18:44:24.185,18:44:33.920,0.8118708538773447,0.9632054090499877,False,False,0
408,67474.06950306892,67484.06950306892,18:44:34.070,18:44:44.070,0,42,0,42,True,False,67474.148,67483.99,18:44:34.148,18:44:43.990,0.7334102447216768,0.9632054090499877,False,False,0
410,67494.06950306892,67504.06950306892,18:44:54.070,18:45:04.070,0,44,0,44,True,False,67494.237,67503.989,18:44:54.237,18:45:03.989,0.7128397333085609,0.9632054090499877,False,False,0
411,67504.06950306892,67514.06950306892,18:45:04.070,18:45:14.070,0,44,0,44,True,False,67504.204,67513.928,18:45:04.204,18:45:13.928,0.8012188996314701,0.9632054090499877,False,False,0
412,67514.06950306892,67524.06950306892,18:45:14.070,18:45:24.070,0,44,0,44,True,False,67514.153,67523.968,18:45:14.153,18:45:23.968,0.7980819180148624,0.9632054090499877,False,False,0
413,67524.06950306892,67534.06950306892,18:45:24.070,18:45:34.070,0,44,0,44,True,False,67524.188,67533.912,18:45:24.188,18:45:33.912,0.6292513932618622,0.9632054090499877,False,False,0
414,67534.06950306892,67544.06950306892,18:45:34.070,18:45:44.070,0,44,0,44,True,False,67534.128,67543.865,18:45:34.128,18:45:43.865,0.6432025214380683,0.9632054090499877,False,False,0
415,67544.06950306892,67554.06950306892,18:45:44.070,18:45:54.070,0,45,0,45,True,False,67544.097,67553.985,18:45:44.097,18:45:53.985,0.7247772215186259,0.9632054090499877,False,False,0
416,67554.06950306892,67564.06950306892,18:45:54.070,18:46:04.070,0,44,0,44,True,False,67554.222,67564.05,18:45:54.222,18:46:04.050,0.8375068142461366,0.9632054090499877,False,False,0
418,67574.06950306892,67584.06950306892,18:46:14.070,18:46:24.070,0,40,0,40,True,False,67574.109,67583.822,18:46:14.109,18:46:23.822,0.6357780931790682,0.9632054090499877,False,False,0
421,67604.06950306892,67614.06950306892,18:46:44.070,18:46:54.070,0,40,0,40,True,False,67604.356,67614.027,18:46:44.356,18:46:54.027,0.8287521360232807,0.9632054090499877,False,False,0
422,67614.06950306892,67624.06950306892,18:46:54.070,18:47:04.070,0,43,0,43,True,False,67614.258,67624.055,18:46:54.258,18:47:04.055,0.6564709861470689,0.9632054090499877,False,False,0
423,67624.06950306892,67634.06950306892,18:47:04.070,18:47:14.070,0,42,0,42,True,False,67624.275,67633.934,18:47:04.275,18:47:13.934,0.6771782918861768,0.9632054090499877,False,False,0
424,67634.06950306892,67644.06950306892,18:47:14.070,18:47:24.070,0,45,0,45,True,False,67634.153,67644.069,18:47:14.153,18:47:24.069,0.759334987895495,0.9632054090499877,False,False,0
425,67644.06950306892,67654.06950306892,18:47:24.070,18:47:34.070,0,44,0,44,True,False,67644.297,67654.014,18:47:24.297,18:47:34.014,0.8085445055424473,0.9632054090499877,False,False,0
426,67654.06950306892,67664.06950306892,18:47:34.070,18:47:44.070,0,40,0,40,True,False,67654.278,67663.88,18:47:34.278,18:47:43.880,0.732567834670984,0.9632054090499877,False,False,0
427,67664.06950306892,67674.06950306892,18:47:44.070,18:47:54.070,0,42,0,42,True,False,67664.112,67673.975,18:47:44.112,18:47:53.975,0.6662010463763277,0.9632054090499877,False,False,0
428,67674.06950306892,67684.06950306892,18:47:54.070,18:48:04.070,0,42,0,42,True,False,67674.182,67683.895,18:47:54.182,18:48:03.895,0.7174945102981505,0.9632054090499877,False,False,0
429,67684.06950306892,67694.06950306892,18:48:04.070,18:48:14.070,0,40,0,40,True,False,67684.137,67694.054,18:48:04.137,18:48:14.054,0.8620630262127069,0.9632054090499877,False,False,0
433,67724.06950306892,67734.06950306892,18:48:44.070,18:48:54.070,0,42,0,42,True,False,67724.084,67733.865,18:48:44.084,18:48:53.865,0.7919656660828281,0.9632054090499877,False,False,0
434,67734.06950306892,67744.06950306892,18:48:54.070,18:49:04.070,0,40,0,40,True,False,67734.114,67743.844,18:48:54.114,18:49:03.844,0.9093042371383966,0.9632054090499877,False,False,0
435,67744.06950306892,67754.06950306892,18:49:04.070,18:49:14.070,0,45,0,45,True,False,67744.083,67754.039,18:49:04.083,18:49:14.039,0.803583780745905,0.9632054090499877,False,False,0
436,67754.06950306892,67764.06950306892,18:49:14.070,18:49:24.070,0,43,0,43,True,False,67754.26,67763.921,18:49:14.260,18:49:23.921,0.7055086089866595,0.9632054090499877,False,False,0
437,67764.06950306892,67774.06950306892,18:49:24.070,18:49:34.070,0,43,0,43,True,False,67764.137,67773.882,18:49:24.137,18:49:33.882,0.7562976214402142,0.9632054090499877,False,False,0
438,67774.06950306892,67784.06950306892,18:49:34.070,18:49:44.070,0,44,0,44,True,False,67774.096,67783.991,18:49:34.096,18:49:43.991,0.8900052848873923,0.9632054090499877,False,False,0
439,67784.06950306892,67794.06950306892,18:49:44.070,18:49:54.070,0,41,0,41,True,False,67784.219,67793.869,18:49:44.219,18:49:53.869,0.9043046902567625,0.9632054090499877,False,False,0
