window_id,window_start_seconds,window_end_seconds,window_start_hms,window_end_hms,label_id,raw_event_count,attack_row_count,normal_row_count,was_padded,first_event_seconds,last_event_seconds,first_event_hms,last_event_hms,sender_addresses_seen,receiver_addresses_seen,protocols_seen,was_truncated
0,63394.06950306893,63404.06950306893,17:36:34.070,17:36:44.070,0,45,0,45,True,63394.06950306893,63403.94597005844,17:36:34.070,17:36:43.946,192.168.0.100;192.168.0.21;192.168.0.22;192.168.0.31,192.168.0.200;192.168.0.21;192.168.0.22,IPV4-ModbusTCP;IPV4-TCP,False
1,63404.06950306893,63414.06950306893,17:36:44.070,17:36:54.070,0,41,0,41,True,63404.424568891525,63413.97142410278,17:36:44.425,17:36:53.971,192.168.0.100,192.168.0.200;192.168.0.21;192.168.0.22,IPV4-ModbusTCP;IPV4-TCP,False
2,63414.06950306893,63424.06950306893,17:36:54.070,17:37:04.070,0,40,0,40,True,63414.44914197922,63423.997109889984,17:36:54.449,17:37:03.997,192.168.0.100,192.168.0.21;192.168.0.22,IPV4-ModbusTCP,False
3,63424.06950306893,63434.06950306893,17:37:04.070,17:37:14.070,0,45,0,45,True,63424.2162001133,63434.025877952576,17:37:04.216,17:37:14.026,192.168.0.100;192.168.0.21;192.168.0.22;192.168.0.31,192.168.0.200;192.168.0.21;192.168.0.22,IPV4-ModbusTCP;IPV4-TCP,False
4,63434.06950306893,63444.06950306893,17:37:14.070,17:37:24.070,0,41,0,41,True,63434.500633955,63444.04870796204,17:37:14.501,17:37:24.049,192.168.0.100,192.168.0.200;192.168.0.21;192.168.0.22,IPV4-ModbusTCP;IPV4-TCP,False
5,63444.06950306893,63454.06950306893,17:37:24.070,17:37:34.070,0,39,0,39,True,63444.52425909042,63454.05308699608,17:37:24.524,17:37:34.053,192.168.0.100,192.168.0.21;192.168.0.22,IPV4-ModbusTCP,False
6,63454.06950306893,63464.06950306893,17:37:34.070,17:37:44.070,0,44,0,44,True,63454.07414793968,63463.59529805184,17:37:34.074,17:37:43.595,192.168.0.100;192.168.0.21;192.168.0.22;192.168.0.31,192.168.0.200;192.168.0.21;192.168.0.22,IPV4-ModbusTCP;IPV4-TCP,False
7,63464.06950306893,63474.06950306893,17:37:44.070,17:37:54.070,0,42,0,42,True,63464.077826976776,63473.61995410919,17:37:44.078,17:37:53.620,192.168.0.100;fe80::1ca6:99ff:fe14:80a1,192.168.0.200;192.168.0.21;192.168.0.22;ff02::2,IPV4-ModbusTCP;IPV4-TCP;IPV6-OTHER,False
8,63474.06950306893,63484.06950306893,17:37:54.070,17:38:04.070,0,44,0,44,True,63474.10395002365,63483.6455039978,17:37:54.104,17:38:03.646,192.168.0.100;fe80::5888:50ff:fee5:876;fe80::84ab:60ff:fe79:906d;fe80::90a5:61ff:fe7b:795e;fe80::c474:5bff:fe91:d7e3,192.168.0.21;192.168.0.22;ff02::2,IPV4-ModbusTCP;IPV6-OTHER,False
9,63484.06950306893,63494.06950306893,17:38:04.070,17:38:14.070,0,45,0,45,True,63484.12668609619,63493.67827796936,17:38:04.127,17:38:13.678,192.168.0.100;192.168.0.21;192.168.0.22;192.168.0.31,192.168.0.200;192.168.0.21;192.168.0.22,IPV4-ModbusTCP;IPV4-TCP,False
10,63494.06950306893,63504.06950306893,17:38:14.070,17:38:24.070,0,41,0,41,True,63494.15506100655,63503.71046900749,17:38:14.155,17:38:23.710,192.168.0.100,192.168.0.200;192.168.0.21;192.168.0.22,IPV4-ModbusTCP;IPV4-TCP,False
11,63504.06950306893,63514.06950306893,17:38:24.070,17:38:34.070,0,40,0,40,True,63504.18397188187,63513.741893053055,17:38:24.184,17:38:33.742,192.168.0.100,192.168.0.21;192.168.0.22,IPV4-ModbusTCP,False
12,63514.06950306893,63524.06950306893,17:38:34.070,17:38:44.070,0,45,0,45,True,63514.20995211601,63523.7697160244,17:38:34.210,17:38:43.770,192.168.0.100;192.168.0.21;192.168.0.22;192.168.0.31,192.168.0.200;192.168.0.21;192.168.0.22,IPV4-ModbusTCP;IPV4-TCP,False
13,63524.06950306893,63534.06950306893,17:38:44.070,17:38:54.070,0,41,0,41,True,63524.23667192459,63533.80215406418,17:38:44.237,17:38:53.802,192.168.0.100,192.168.0.200;192.168.0.21;192.168.0.22,IPV4-ModbusTCP;IPV4-TCP,False
14,63534.06950306893,63544.06950306893,17:38:54.070,17:39:04.070,3,43,1,42,True,63534.26539802551,63543.83333396912,17:38:54.265,17:39:03.833,192.168.0.100;192.168.0.21;192.168.0.33;fe80::f43a:3fff:fe28:7008,192.168.0.21;192.168.0.22;192.168.0.33;ff02::2,ARP;IPV4-ModbusTCP;IPV6-OTHER,False
15,63544.06950306893,63554.06950306893,17:39:04.070,17:39:14.070,0,45,0,45,True,63544.30019903183,63553.86034989357,17:39:04.300,17:39:13.860,192.168.0.100;192.168.0.21;192.168.0.31,192.168.0.200;192.168.0.21;192.168.0.22,IPV4-ModbusTCP;IPV4-TCP,False
16,63554.06950306893,63564.06950306893,17:39:14.070,17:39:24.070,0,41,0,41,True,63554.325644016266,63563.88931393623,17:39:14.326,17:39:23.889,192.168.0.100,192.168.0.200;192.168.0.21;192.168.0.22,IPV4-ModbusTCP;IPV4-TCP,False
17,63564.06950306893,63574.06950306893,17:39:24.070,17:39:34.070,0,40,0,40,True,63564.352941036224,63573.92180991173,17:39:24.353,17:39:33.922,192.168.0.100,192.168.0.21;192.168.0.22,IPV4-ModbusTCP,False
18,63574.06950306893,63584.06950306893,17:39:34.070,17:39:44.070,0,44,0,44,True,63574.38466501236,63583.91527199745,17:39:34.385,17:39:43.915,192.168.0.100;192.168.0.21;192.168.0.22;192.168.0.31,192.168.0.200;192.168.0.21;192.168.0.22,IPV4-ModbusTCP;IPV4-TCP,False
19,63584.06950306893,63594.06950306893,17:39:44.070,17:39:54.070,0,41,0,41,True,63584.108478069305,63593.94855308533,17:39:44.108,17:39:53.949,192.168.0.100,192.168.0.200;192.168.0.21;192.168.0.22,IPV4-ModbusTCP;IPV4-TCP,False
20,63594.06950306893,63604.06950306893,17:39:54.070,17:40:04.070,0,40,0,40,True,63594.13403010368,63603.97617697716,17:39:54.134,17:40:03.976,192.168.0.100,192.168.0.21;192.168.0.22,IPV4-ModbusTCP,False
21,63604.06950306893,63614.06950306893,17:40:04.070,17:40:14.070,0,45,0,45,True,63604.15569710732,63614.00193309784,17:40:04.156,17:40:14.002,192.168.0.100;192.168.0.21;192.168.0.22;192.168.0.31,192.168.0.200;192.168.0.21;192.168.0.22,IPV4-ModbusTCP;IPV4-TCP,False
22,63614.06950306893,63624.06950306893,17:40:14.070,17:40:24.070,0,41,0,41,True,63614.182092905045,63624.02821993828,17:40:14.182,17:40:24.028,192.168.0.100,192.168.0.200;192.168.0.21;192.168.0.22,IPV4-ModbusTCP;IPV4-TCP,False
23,63624.06950306893,63634.06950306893,17:40:24.070,17:40:34.070,0,40,0,40,True,63624.20483088493,63634.06166911125,17:40:24.205,17:40:34.062,192.168.0.100,192.168.0.21;192.168.0.22,IPV4-ModbusTCP,False
24,63634.06950306893,63644.06950306893,17:40:34.070,17:40:44.070,0,44,0,44,True,63634.23940205574,63643.76931095123,17:40:34.239,17:40:43.769,192.168.0.100;192.168.0.21;192.168.0.22;192.168.0.31,192.168.0.200;192.168.0.21;192.168.0.22,IPV4-ModbusTCP;IPV4-TCP,False
25,63644.06950306893,63654.06950306893,17:40:44.070,17:40:54.070,0,41,0,41,True,63644.09268593788,63653.79233789444,17:40:44.093,17:40:53.792,192.168.0.100,192.168.0.200;192.168.0.21;192.168.0.22,IPV4-ModbusTCP;IPV4-TCP,False
26,63654.06950306893,63664.06950306893,17:40:54.070,17:41:04.070,0,40,0,40,True,63654.114579916,63663.81746411324,17:40:54.115,17:41:03.817,192.168.0.100,192.168.0.21;192.168.0.22,IPV4-ModbusTCP,False
27,63664.06950306893,63674.06950306893,17:41:04.070,17:41:14.070,0,45,0,45,True,63664.14297294617,63673.839268922806,17:41:04.143,17:41:13.839,192.168.0.100;192.168.0.21;192.168.0.22;192.168.0.31,192.168.0.200;192.168.0.21;192.168.0.22,IPV4-ModbusTCP;IPV4-TCP,False
28,63674.06950306893,63684.06950306893,17:41:14.070,17:41:24.070,0,41,0,41,True,63674.16908788681,63683.86604690552,17:41:14.169,17:41:23.866,192.168.0.100,192.168.0.200;192.168.0.21;192.168.0.22,IPV4-ModbusTCP;IPV4-TCP,False
29,63684.06950306893,63694.06950306893,17:41:24.070,17:41:34.070,0,40,0,40,True,63684.19647908211,63693.89708209038,17:41:24.196,17:41:33.897,192.168.0.100,192.168.0.21;192.168.0.22,IPV4-ModbusTCP,False
30,63694.06950306893,63704.06950306893,17:41:34.070,17:41:44.070,0,45,0,45,True,63694.218045949936,63703.9317688942,17:41:34.218,17:41:43.932,192.168.0.100;192.168.0.21;192.168.0.22;192.168.0.31,192.168.0.200;192.168.0.21;192.168.0.22,IPV4-ModbusTCP;IPV4-TCP,False
31,63704.06950306893,63714.06950306893,17:41:44.070,17:41:54.070,0,41,0,41,True,63704.24135398865,63713.95713806152,17:41:44.241,17:41:53.957,192.168.0.100,192.168.0.200;192.168.0.21;192.168.0.22,IPV4-ModbusTCP;IPV4-TCP,False
32,63714.06950306893,63724.06950306893,17:41:54.070,17:42:04.070,0,42,0,42,True,63714.262691020966,63723.9825758934,17:41:54.263,17:42:03.983,192.168.0.100;fe80::1ca6:99ff:fe14:80a1;fe80::90a5:61ff:fe7b:795e,192.168.0.21;192.168.0.22;ff02::2,IPV4-ModbusTCP;IPV6-OTHER,False
33,63724.06950306893,63734.06950306893,17:42:04.070,17:42:14.070,0,45,0,45,True,63724.28680610657,63734.01601409912,17:42:04.287,17:42:14.016,192.168.0.100;192.168.0.21;192.168.0.22;192.168.0.31,192.168.0.200;192.168.0.21;192.168.0.22,IPV4-ModbusTCP;IPV4-TCP,False
34,63734.06950306893,63744.06950306893,17:42:14.070,17:42:24.070,0,42,0,42,True,63734.07582688332,63744.057398080826,17:42:14.076,17:42:24.057,192.168.0.100;fe80::84ab:60ff:fe79:906d,192.168.0.200;192.168.0.21;192.168.0.22;ff02::2,IPV4-ModbusTCP;IPV4-TCP;IPV6-OTHER,False
35,63744.06950306893,63754.06950306893,17:42:24.070,17:42:34.070,0,41,0,41,True,63744.35673499107,63753.88997602463,17:42:24.357,17:42:33.890,192.168.0.100;fe80::5888:50ff:fee5:876;fe80::c474:5bff:fe91:d7e3,192.168.0.21;192.168.0.22;ff02::2,IPV4-ModbusTCP;IPV6-OTHER,False
36,63754.06950306893,63764.06950306893,17:42:34.070,17:42:44.070,0,45,0,45,True,63754.094536066055,63763.9232480526,17:42:34.095,17:42:43.923,192.168.0.100;192.168.0.21;192.168.0.22;192.168.0.31,192.168.0.200;192.168.0.21;192.168.0.22,IPV4-ModbusTCP;IPV4-TCP,False
37,63764.06950306893,63774.06950306893,17:42:44.070,17:42:54.070,0,41,0,41,True,63764.12055397034,63773.94745898247,17:42:44.121,17:42:53.947,192.168.0.100,192.168.0.200;192.168.0.21;192.168.0.22,IPV4-ModbusTCP;IPV4-TCP,False
38,63774.06950306893,63784.06950306893,17:42:54.070,17:43:04.070,0,40,0,40,True,63774.15232610703,63783.97409391403,17:42:54.152,17:43:03.974,192.168.0.100,192.168.0.21;192.168.0.22,IPV4-ModbusTCP,False
39,63784.06950306893,63794.06950306893,17:43:04.070,17:43:14.070,0,45,0,45,True,63784.182976961136,63794.011743068695,17:43:04.183,17:43:14.012,192.168.0.100;192.168.0.21;192.168.0.22;192.168.0.31,192.168.0.200;192.168.0.21;192.168.0.22,IPV4-ModbusTCP;IPV4-TCP,False
40,63794.06950306893,63804.06950306893,17:43:14.070,17:43:24.070,0,41,0,41,True,63794.237334012985,63804.038992881775,17:43:14.237,17:43:24.039,192.168.0.100,192.168.0.200;192.168.0.21;192.168.0.22,IPV4-ModbusTCP;IPV4-TCP,False
41,63804.06950306893,63814.06950306893,17:43:24.070,17:43:34.070,0,40,0,40,True,63804.268428087234,63814.06897997856,17:43:24.268,17:43:34.069,192.168.0.100,192.168.0.21;192.168.0.22,IPV4-ModbusTCP,False
42,63814.06950306893,63824.06950306893,17:43:34.070,17:43:44.070,0,44,0,44,True,63814.29744005203,63823.83034110069,17:43:34.297,17:43:43.830,192.168.0.100;192.168.0.21;192.168.0.22;192.168.0.31,192.168.0.200;192.168.0.21;192.168.0.22,IPV4-ModbusTCP;IPV4-TCP,False
43,63824.06950306893,63834.06950306893,17:43:44.070,17:43:54.070,0,41,0,41,True,63824.10060095787,63833.85425710678,17:43:44.101,17:43:53.854,192.168.0.100,192.168.0.200;192.168.0.21;192.168.0.22,IPV4-ModbusTCP;IPV4-TCP,False
44,63834.06950306893,63844.06950306893,17:43:54.070,17:44:04.070,3,43,1,42,True,63834.13123989105,63843.88273000717,17:43:54.131,17:44:03.883,192.168.0.100;192.168.0.21;192.168.0.33,192.168.0.21;192.168.0.22,ARP;IPV4-ModbusTCP,False
45,63844.06950306893,63854.06950306893,17:44:04.070,17:44:14.070,0,47,0,47,True,63844.16074705124,63853.91103196144,17:44:04.161,17:44:13.911,192.168.0.100;192.168.0.21;192.168.0.22;192.168.0.31;fe80::f43a:3fff:fe28:7008,192.168.0.200;192.168.0.21;192.168.0.22;ff02::2,IPV4-ModbusTCP;IPV4-TCP;IPV6-OTHER,False
46,63854.06950306893,63864.06950306893,17:44:14.070,17:44:24.070,0,42,0,42,True,63854.18723511696,63863.95133590698,17:44:14.187,17:44:23.951,192.168.0.100;192.168.0.21,192.168.0.200;192.168.0.21;192.168.0.22,IPV4-ModbusTCP;IPV4-TCP,False
47,63864.06950306893,63874.06950306893,17:44:24.070,17:44:34.070,0,42,0,42,True,63864.212054014206,63873.98550009728,17:44:24.212,17:44:33.986,192.168.0.100;192.168.0.21,192.168.0.21;192.168.0.22,IPV4-ModbusTCP,False
48,63874.06950306893,63884.06950306893,17:44:34.070,17:44:44.070,0,46,0,46,True,63874.241226911545,63884.00868105888,17:44:34.241,17:44:44.009,192.168.0.100;192.168.0.21;192.168.0.22;192.168.0.31,192.168.0.200;192.168.0.21;192.168.0.22,IPV4-ModbusTCP;IPV4-TCP,False
49,63884.06950306893,63894.06950306893,17:44:44.070,17:44:54.070,0,43,0,43,True,63884.281984090805,63894.03505396843,17:44:44.282,17:44:54.035,192.168.0.100;192.168.0.21,192.168.0.200;192.168.0.21;192.168.0.22,IPV4-ModbusTCP;IPV4-TCP,False
50,63894.06950306893,63904.06950306893,17:44:54.070,17:45:04.070,0,40,0,40,True,63894.31573200226,63903.84518098831,17:44:54.316,17:45:03.845,192.168.0.100;192.168.0.21,192.168.0.21;192.168.0.22,IPV4-ModbusTCP,False
51,63904.06950306893,63914.06950306893,17:45:04.070,17:45:14.070,0,46,0,46,True,63904.0773870945,63914.027930021286,17:45:04.077,17:45:14.028,192.168.0.100;192.168.0.21;192.168.0.22;192.168.0.31,192.168.0.200;192.168.0.21;192.168.0.22,IPV4-ModbusTCP;IPV4-TCP,False
52,63914.06950306893,63924.06950306893,17:45:14.070,17:45:24.070,0,43,0,43,True,63914.10493707657,63924.05498600006,17:45:14.105,17:45:24.055,192.168.0.100;192.168.0.21,192.168.0.200;192.168.0.21;192.168.0.22,IPV4-ModbusTCP;IPV4-TCP,False
53,63924.06950306893,63934.06950306893,17:45:24.070,17:45:34.070,0,41,0,41,True,63924.12489795685,63933.65101099014,17:45:24.125,17:45:33.651,192.168.0.100;192.168.0.21,192.168.0.21;192.168.0.22,IPV4-ModbusTCP,False
54,63934.06950306893,63944.06950306893,17:45:34.070,17:45:44.070,0,45,0,45,True,63934.08971095085,63943.67440700531,17:45:34.090,17:45:43.674,192.168.0.100;192.168.0.21;192.168.0.22;192.168.0.31,192.168.0.200;192.168.0.21;192.168.0.22,IPV4-ModbusTCP;IPV4-TCP,False
55,63944.06950306893,63954.06950306893,17:45:44.070,17:45:54.070,0,43,0,43,True,63944.12747311592,63953.70571899414,17:45:44.127,17:45:53.706,192.168.0.100;192.168.0.21,192.168.0.200;192.168.0.21;192.168.0.22,IPV4-ModbusTCP;IPV4-TCP,False
56,63954.06950306893,63964.06950306893,17:45:54.070,17:46:04.070,3,44,1,43,True,63954.16751503944,63963.72962808609,17:45:54.168,17:46:03.730,192.168.0.100;192.168.0.21;192.168.0.33,192.168.0.21;192.168.0.22,ARP;IPV4-ModbusTCP,False
57,63964.06950306893,63974.06950306893,17:46:04.070,17:46:14.070,0,44,0,44,True,63964.19970107079,63973.789509058,17:46:04.200,17:46:13.790,192.168.0.100;192.168.0.22;192.168.0.31,192.168.0.200;192.168.0.21;192.168.0.22,IPV4-ModbusTCP;IPV4-TCP,False
58,63974.06950306893,63984.06950306893,17:46:14.070,17:46:24.070,0,41,0,41,True,63974.23284888268,63983.81450200081,17:46:14.233,17:46:23.815,192.168.0.100,192.168.0.200;192.168.0.21;192.168.0.22,IPV4-ModbusTCP;IPV4-TCP,False
59,63984.06950306893,63994.06950306893,17:46:24.070,17:46:34.070,0,41,0,41,True,63984.26164293289,63993.86179304123,17:46:24.262,17:46:33.862,192.168.0.100;192.168.0.21,192.168.0.21;192.168.0.22,IPV4-ModbusTCP,False
60,63994.06950306893,64004.06950306893,17:46:34.070,17:46:44.070,0,44,0,44,True,63994.29335188866,64003.887996912,17:46:34.293,17:46:43.888,192.168.0.100;192.168.0.22;192.168.0.31,192.168.0.200;192.168.0.21;192.168.0.22,IPV4-ModbusTCP;IPV4-TCP,False
61,64004.06950306893,64014.06950306893,17:46:44.070,17:46:54.070,0,41,0,41,True,64004.322814941406,64013.92062306404,17:46:44.323,17:46:53.921,192.168.0.100,192.168.0.200;192.168.0.21;192.168.0.22,IPV4-ModbusTCP;IPV4-TCP,False
62,64014.06950306893,64024.06950306893,17:46:54.070,17:47:04.070,0,41,0,41,True,64014.349797964096,64023.97051692009,17:46:54.350,17:47:03.971,192.168.0.100;192.168.0.21,192.168.0.21;192.168.0.22,IPV4-ModbusTCP,False
63,64024.06950306893,64034.06950306893,17:47:04.070,17:47:14.070,0,44,0,44,True,64024.38101792336,64034.01003098488,17:47:04.381,17:47:14.010,192.168.0.100;192.168.0.22;192.168.0.31,192.168.0.200;192.168.0.21;192.168.0.22,IPV4-ModbusTCP;IPV4-TCP,False
64,64034.06950306893,64044.06950306893,17:47:14.070,17:47:24.070,0,41,0,41,True,64034.419435977936,64044.03536891937,17:47:14.419,17:47:24.035,192.168.0.100,192.168.0.200;192.168.0.21;192.168.0.22,IPV4-ModbusTCP;IPV4-TCP,False
65,64044.06950306893,64054.06950306893,17:47:24.070,17:47:34.070,0,41,0,41,True,64044.45342588425,64054.05921292305,17:47:24.453,17:47:34.059,192.168.0.100;192.168.0.21,192.168.0.21;192.168.0.22,IPV4-ModbusTCP,False
66,64054.06950306893,64064.06950306893,17:47:34.070,17:47:44.070,0,43,0,43,True,64054.4811000824,64064.02320599556,17:47:34.481,17:47:44.023,192.168.0.100;192.168.0.22;192.168.0.31,192.168.0.200;192.168.0.21;192.168.0.22,IPV4-ModbusTCP;IPV4-TCP,False
67,64064.06950306893,64074.06950306893,17:47:44.070,17:47:54.070,0,41,0,41,True,64064.087651968,64074.0658531189,17:47:44.088,17:47:54.066,192.168.0.100,192.168.0.200;192.168.0.21;192.168.0.22,IPV4-ModbusTCP;IPV4-TCP,False
68,64074.06950306893,64084.06950306893,17:47:54.070,17:48:04.070,0,40,0,40,True,64074.11046004295,64083.64803409576,17:47:54.110,17:48:03.648,192.168.0.100;192.168.0.21,192.168.0.21;192.168.0.22,IPV4-ModbusTCP,False
69,64084.06950306893,64094.06950306893,17:48:04.070,17:48:14.070,0,44,0,44,True,64084.09940600395,64093.694653987885,17:48:04.099,17:48:13.695,192.168.0.100;192.168.0.22;192.168.0.31,192.168.0.200;192.168.0.21;192.168.0.22,IPV4-ModbusTCP;IPV4-TCP,False
70,64094.06950306893,64104.06950306893,17:48:14.070,17:48:24.070,0,41,0,41,True,64094.137540102005,64103.75704789162,17:48:14.138,17:48:23.757,192.168.0.100,192.168.0.200;192.168.0.21;192.168.0.22,IPV4-ModbusTCP;IPV4-TCP,False
71,64104.06950306893,64114.06950306893,17:48:24.070,17:48:34.070,0,41,0,41,True,64104.1682870388,64113.78115105629,17:48:24.168,17:48:33.781,192.168.0.100;192.168.0.21,192.168.0.21;192.168.0.22,IPV4-ModbusTCP,False
72,64114.06950306893,64124.06950306893,17:48:34.070,17:48:44.070,0,44,0,44,True,64114.21735906601,64123.81997203827,17:48:34.217,17:48:43.820,192.168.0.100;192.168.0.22;192.168.0.31,192.168.0.200;192.168.0.21;192.168.0.22,IPV4-ModbusTCP;IPV4-TCP,False
73,64124.06950306893,64134.06950306893,17:48:44.070,17:48:54.070,0,41,0,41,True,64124.25759792328,64133.84880399704,17:48:44.258,17:48:53.849,192.168.0.100,192.168.0.200;192.168.0.21;192.168.0.22,IPV4-ModbusTCP;IPV4-TCP,False
74,64134.06950306893,64144.06950306893,17:48:54.070,17:49:04.070,0,41,0,41,True,64134.28267288208,64143.87484693527,17:48:54.283,17:49:03.875,192.168.0.100;192.168.0.21,192.168.0.21;192.168.0.22,IPV4-ModbusTCP,False
75,64144.06950306893,64154.06950306893,17:49:04.070,17:49:14.070,0,44,0,44,True,64144.3073489666,64153.902535915375,17:49:04.307,17:49:13.903,192.168.0.100;192.168.0.22;192.168.0.31,192.168.0.200;192.168.0.21;192.168.0.22,IPV4-ModbusTCP;IPV4-TCP,False
76,64154.06950306893,64164.06950306893,17:49:14.070,17:49:24.070,0,41,0,41,True,64154.32977795601,64163.947324991226,17:49:14.330,17:49:23.947,192.168.0.100,192.168.0.200;192.168.0.21;192.168.0.22,IPV4-ModbusTCP;IPV4-TCP,False
77,64164.06950306893,64174.06950306893,17:49:24.070,17:49:34.070,0,41,0,41,True,64164.3531229496,64173.98793101311,17:49:24.353,17:49:33.988,192.168.0.100;192.168.0.21,192.168.0.21;192.168.0.22,IPV4-ModbusTCP,False
78,64174.06950306893,64184.06950306893,17:49:34.070,17:49:44.070,0,44,0,44,True,64174.40271902084,64184.03412795067,17:49:34.403,17:49:44.034,192.168.0.100;192.168.0.22;192.168.0.31,192.168.0.200;192.168.0.21;192.168.0.22,IPV4-ModbusTCP;IPV4-TCP,False
79,64184.06950306893,64194.06950306893,17:49:44.070,17:49:54.070,0,43,0,43,True,64184.43697309494,64194.06126189232,17:49:44.437,17:49:54.061,192.168.0.100;fe80::1ca6:99ff:fe14:80a1;fe80::90a5:61ff:fe7b:795e,192.168.0.200;192.168.0.21;192.168.0.22;ff02::2,IPV4-ModbusTCP;IPV4-TCP;IPV6-OTHER,False
80,64194.06950306893,64204.06950306893,17:49:54.070,17:50:04.070,0,40,0,40,True,64194.4609849453,64203.985495090485,17:49:54.461,17:50:03.985,192.168.0.100;192.168.0.21,192.168.0.21;192.168.0.22,IPV4-ModbusTCP,False
81,64204.06950306893,64214.06950306893,17:50:04.070,17:50:14.070,0,44,0,44,True,64204.09729504585,64214.01981806755,17:50:04.097,17:50:14.020,192.168.0.100;192.168.0.22;192.168.0.31,192.168.0.200;192.168.0.21;192.168.0.22,IPV4-ModbusTCP;IPV4-TCP,False
82,64214.06950306893,64224.06950306893,17:50:14.070,17:50:24.070,0,41,0,41,True,64214.12656998634,64224.05699801445,17:50:14.127,17:50:24.057,192.168.0.100,192.168.0.200;192.168.0.21;192.168.0.22,IPV4-ModbusTCP;IPV4-TCP,False
83,64224.06950306893,64234.06950306893,17:50:24.070,17:50:34.070,0,40,0,40,True,64224.15620589256,64233.6990339756,17:50:24.156,17:50:33.699,192.168.0.100;192.168.0.21,192.168.0.21;192.168.0.22,IPV4-ModbusTCP,False
84,64234.06950306893,64244.06950306893,17:50:34.070,17:50:44.070,0,44,0,44,True,64234.10407805443,64243.74144411087,17:50:34.104,17:50:43.741,192.168.0.100;192.168.0.22;192.168.0.31,192.168.0.200;192.168.0.21;192.168.0.22,IPV4-ModbusTCP;IPV4-TCP,False
85,64244.06950306893,64254.06950306893,17:50:44.070,17:50:54.070,0,41,0,41,True,64244.1471118927,64253.77517199516,17:50:44.147,17:50:53.775,192.168.0.100,192.168.0.200;192.168.0.21;192.168.0.22,IPV4-ModbusTCP;IPV4-TCP,False
86,64254.06950306893,64264.06950306893,17:50:54.070,17:51:04.070,3,45,1,44,True,64254.18214201927,64263.801799058914,17:50:54.182,17:51:03.802,192.168.0.100;192.168.0.21;192.168.0.33;fe80::5888:50ff:fee5:876;fe80::84ab:60ff:fe79:906d,192.168.0.21;192.168.0.22;192.168.0.33;ff02::2,ARP;IPV4-ModbusTCP;IPV6-OTHER,False
87,64264.06950306893,64274.06950306893,17:51:04.070,17:51:14.070,0,45,0,45,True,64264.21342110634,64273.82663297653,17:51:04.213,17:51:13.827,192.168.0.100;192.168.0.21;192.168.0.22;192.168.0.31,192.168.0.200;192.168.0.21;192.168.0.22,IPV4-ModbusTCP;IPV4-TCP,False
88,64274.06950306893,64284.06950306893,17:51:14.070,17:51:24.070,0,43,0,43,True,64274.24545502663,64283.86389088631,17:51:14.245,17:51:23.864,192.168.0.100;192.168.0.21,192.168.0.200;192.168.0.21;192.168.0.22,IPV4-ModbusTCP;IPV4-TCP,False
89,64284.06950306893,64294.06950306893,17:51:24.070,17:51:34.070,0,43,0,43,True,64284.27817893028,64293.89604306221,17:51:24.278,17:51:33.896,192.168.0.100;192.168.0.21;fe80::c474:5bff:fe91:d7e3,192.168.0.21;192.168.0.22;ff02::2,IPV4-ModbusTCP;IPV6-OTHER,False
90,64294.06950306893,64304.06950306893,17:51:34.070,17:51:44.070,0,46,0,46,True,64294.31893801689,64304.02694988251,17:51:34.319,17:51:44.027,192.168.0.100;192.168.0.21;192.168.0.22;192.168.0.31,192.168.0.200;192.168.0.21;192.168.0.22,IPV4-ModbusTCP;IPV4-TCP,False
91,64304.06950306893,64314.06950306893,17:51:44.070,17:51:54.070,0,42,0,42,True,64304.35645008087,64313.953233003616,17:51:44.356,17:51:53.953,192.168.0.100;192.168.0.21,192.168.0.200;192.168.0.21;192.168.0.22,IPV4-ModbusTCP;IPV4-TCP,False
92,64314.06950306893,64324.06950306893,17:51:54.070,17:52:04.070,0,42,0,42,True,64314.38684391976,64323.9761390686,17:51:54.387,17:52:03.976,192.168.0.100;192.168.0.21,192.168.0.21;192.168.0.22,IPV4-ModbusTCP,False
93,64324.06950306893,64334.06950306893,17:52:04.070,17:52:14.070,0,46,0,46,True,64324.42591404915,64334.00590610504,17:52:04.426,17:52:14.006,192.168.0.100;192.168.0.21;192.168.0.22;192.168.0.31,192.168.0.200;192.168.0.21;192.168.0.22,IPV4-ModbusTCP;IPV4-TCP,False
94,64334.06950306893,64344.06950306893,17:52:14.070,17:52:24.070,0,42,0,42,True,64334.45451688767,64344.03570508957,17:52:14.455,17:52:24.036,192.168.0.100;192.168.0.21,192.168.0.200;192.168.0.21;192.168.0.22,IPV4-ModbusTCP;IPV4-TCP,False
95,64344.06950306893,64354.06950306893,17:52:24.070,17:52:34.070,0,41,0,41,True,64344.49644804001,64354.03727006912,17:52:24.496,17:52:34.037,192.168.0.100;192.168.0.21,192.168.0.21;192.168.0.22,IPV4-ModbusTCP,False
96,64354.06950306893,64364.06950306893,17:52:34.070,17:52:44.070,0,45,0,45,True,64354.08069705963,64363.61428189278,17:52:34.081,17:52:43.614,192.168.0.100;192.168.0.21;192.168.0.22;192.168.0.31,192.168.0.200;192.168.0.21;192.168.0.22,IPV4-ModbusTCP;IPV4-TCP,False
97,64364.06950306893,64374.06950306893,17:52:44.070,17:52:54.070,0,42,0,42,True,64364.07518005371,64373.64826607704,17:52:44.075,17:52:53.648,192.168.0.100;192.168.0.21,192.168.0.200;192.168.0.21;192.168.0.22,IPV4-ModbusTCP;IPV4-TCP,False
98,64374.06950306893,64384.06950306893,17:52:54.070,17:53:04.070,3,44,1,43,True,64374.12257599831,64383.68046593666,17:52:54.123,17:53:03.680,192.168.0.100;192.168.0.21;192.168.0.33,192.168.0.21;192.168.0.22,ARP;IPV4-ModbusTCP,False
99,64384.06950306893,64394.06950306893,17:53:04.070,17:53:14.070,0,44,0,44,True,64384.14797997475,64393.71330308914,17:53:04.148,17:53:13.713,192.168.0.100;192.168.0.22;192.168.0.31,192.168.0.200;192.168.0.21;192.168.0.22,IPV4-ModbusTCP;IPV4-TCP,False
100,64394.06950306893,64404.06950306893,17:53:14.070,17:53:24.070,0,41,0,41,True,64394.17652702332,64403.74167609215,17:53:14.177,17:53:23.742,192.168.0.100,192.168.0.200;192.168.0.21;192.168.0.22,IPV4-ModbusTCP;IPV4-TCP,False
101,64404.06950306893,64414.06950306893,17:53:24.070,17:53:34.070,0,41,0,41,True,64404.21097207069,64413.770173072815,17:53:24.211,17:53:33.770,192.168.0.100;192.168.0.21,192.168.0.21;192.168.0.22,IPV4-ModbusTCP,False
102,64414.06950306893,64424.06950306893,17:53:34.070,17:53:44.070,0,44,0,44,True,64414.2414689064,64423.7988948822,17:53:34.241,17:53:43.799,192.168.0.100;192.168.0.22;192.168.0.31,192.168.0.200;192.168.0.21;192.168.0.22,IPV4-ModbusTCP;IPV4-TCP,False
103,64424.06950306893,64434.06950306893,17:53:44.070,17:53:54.070,0,41,0,41,True,64424.27664589882,64433.83954906464,17:53:44.277,17:53:53.840,192.168.0.100,192.168.0.200;192.168.0.21;192.168.0.22,IPV4-ModbusTCP;IPV4-TCP,False
104,64434.06950306893,64444.06950306893,17:53:54.070,17:54:04.070,0,41,0,41,True,64434.30282998085,64443.85971903801,17:53:54.303,17:54:03.860,192.168.0.100;192.168.0.21,192.168.0.21;192.168.0.22,IPV4-ModbusTCP,False
105,64444.06950306893,64454.06950306893,17:54:04.070,17:54:14.070,0,44,0,44,True,64444.33181500435,64453.88283395767,17:54:04.332,17:54:13.883,192.168.0.100;192.168.0.22;192.168.0.31,192.168.0.200;192.168.0.21;192.168.0.22,IPV4-ModbusTCP;IPV4-TCP,False
106,64454.06950306893,64464.06950306893,17:54:14.070,17:54:24.070,0,41,0,41,True,64454.38028788567,64463.914913892746,17:54:14.380,17:54:23.915,192.168.0.100,192.168.0.200;192.168.0.21;192.168.0.22,IPV4-ModbusTCP;IPV4-TCP,False
107,64464.06950306893,64474.06950306893,17:54:24.070,17:54:34.070,0,41,0,41,True,64464.41526699066,64473.95630598068,17:54:24.415,17:54:33.956,192.168.0.100;192.168.0.21,192.168.0.21;192.168.0.22,IPV4-ModbusTCP,False
108,64474.06950306893,64484.06950306893,17:54:34.070,17:54:44.070,0,44,0,44,True,64474.451128959656,64484.00285196304,17:54:34.451,17:54:44.003,192.168.0.100;192.168.0.22;192.168.0.31,192.168.0.200;192.168.0.21;192.168.0.22,IPV4-ModbusTCP;IPV4-TCP,False
109,64484.06950306893,64494.06950306893,17:54:44.070,17:54:54.070,0,40,0,40,True,64484.48339009285,64494.03473496437,17:54:44.483,17:54:54.035,192.168.0.100,192.168.0.21;192.168.0.22,IPV4-ModbusTCP,False
110,64494.06950306893,64504.06950306893,17:54:54.070,17:55:04.070,0,42,0,42,True,64494.18482089043,64504.06941795349,17:54:54.185,17:55:04.069,192.168.0.100;192.168.0.21,192.168.0.200;192.168.0.21;192.168.0.22,IPV4-ModbusTCP;IPV4-TCP,False
111,64504.06950306893,64514.06950306893,17:55:04.070,17:55:14.070,0,43,0,43,True,64504.12754011154,64513.59965109825,17:55:04.128,17:55:13.600,192.168.0.100;192.168.0.22;192.168.0.31;fe80::f43a:3fff:fe28:7008,192.168.0.200;192.168.0.21;192.168.0.22;ff02::2,IPV4-ModbusTCP;IPV4-TCP;IPV6-OTHER,False
112,64514.06950306893,64524.06950306893,17:55:14.070,17:55:24.070,0,40,0,40,True,64514.08791089058,64523.62489891052,17:55:14.088,17:55:23.625,192.168.0.100,192.168.0.21;192.168.0.22,IPV4-ModbusTCP,False
113,64524.06950306893,64534.06950306893,17:55:24.070,17:55:34.070,0,42,0,42,True,64524.128719091415,64533.67313194275,17:55:24.129,17:55:33.673,192.168.0.100;192.168.0.21,192.168.0.200;192.168.0.21;192.168.0.22,IPV4-ModbusTCP;IPV4-TCP,False
114,64534.06950306893,64544.06950306893,17:55:34.070,17:55:44.070,0,44,0,44,True,64534.17340803146,64543.70444011688,17:55:34.173,17:55:43.704,192.168.0.100;192.168.0.22;192.168.0.31,192.168.0.200;192.168.0.21;192.168.0.22,IPV4-ModbusTCP;IPV4-TCP,False
115,64544.06950306893,64554.06950306893,17:55:44.070,17:55:54.070,0,40,0,40,True,64544.20547699928,64553.73433804512,17:55:44.205,17:55:53.734,192.168.0.100,192.168.0.21;192.168.0.22,IPV4-ModbusTCP,False
116,64554.06950306893,64564.06950306893,17:55:54.070,17:56:04.070,0,42,0,42,True,64554.23493409157,64563.7777659893,17:55:54.235,17:56:03.778,192.168.0.100;192.168.0.21,192.168.0.200;192.168.0.21;192.168.0.22,IPV4-ModbusTCP;IPV4-TCP,False
117,64564.06950306893,64574.06950306893,17:56:04.070,17:56:14.070,0,44,0,44,True,64564.2772769928,64573.82036209106,17:56:04.277,17:56:13.820,192.168.0.100;192.168.0.22;192.168.0.31,192.168.0.200;192.168.0.21;192.168.0.22,IPV4-ModbusTCP;IPV4-TCP,False
118,64574.06950306893,64584.06950306893,17:56:14.070,17:56:24.070,0,40,0,40,True,64574.3199698925,64583.863948106766,17:56:14.320,17:56:23.864,192.168.0.100,192.168.0.21;192.168.0.22,IPV4-ModbusTCP,False
119,64584.06950306893,64594.06950306893,17:56:24.070,17:56:34.070,0,42,0,42,True,64584.366314888,64593.91003704071,17:56:24.366,17:56:33.910,192.168.0.100;192.168.0.21,192.168.0.200;192.168.0.21;192.168.0.22,IPV4-ModbusTCP;IPV4-TCP,False
120,64594.06950306893,64604.06950306893,17:56:34.070,17:56:44.070,0,44,0,44,True,64594.39977002144,64603.941174030304,17:56:34.400,17:56:43.941,192.168.0.100;192.168.0.22;192.168.0.31,192.168.0.200;192.168.0.21;192.168.0.22,IPV4-ModbusTCP;IPV4-TCP,False
121,64604.06950306893,64614.06950306893,17:56:44.070,17:56:54.070,0,40,0,40,True,64604.43020391464,64613.96306800842,17:56:44.430,17:56:53.963,192.168.0.100,192.168.0.21;192.168.0.22,IPV4-ModbusTCP,False
122,64614.06950306893,64624.06950306893,17:56:54.070,17:57:04.070,0,42,0,42,True,64614.456971883774,64624.00305294991,17:56:54.457,17:57:04.003,192.168.0.100;192.168.0.21,192.168.0.200;192.168.0.21;192.168.0.22,IPV4-ModbusTCP;IPV4-TCP,False
123,64624.06950306893,64634.06950306893,17:57:04.070,17:57:14.070,0,44,0,44,True,64624.481884002686,64634.03749394417,17:57:04.482,17:57:14.037,192.168.0.100;192.168.0.22;192.168.0.31,192.168.0.200;192.168.0.21;192.168.0.22,IPV4-ModbusTCP;IPV4-TCP,False
124,64634.06950306893,64644.06950306893,17:57:14.070,17:57:24.070,0,38,0,38,True,64634.52463507652,64643.57688307762,17:57:14.525,17:57:23.577,192.168.0.100,192.168.0.21;192.168.0.22,IPV4-ModbusTCP,False
125,64644.06950306893,64654.06950306893,17:57:24.070,17:57:34.070,0,42,0,42,True,64644.07283902168,64653.62112092972,17:57:24.073,17:57:33.621,192.168.0.100;192.168.0.21,192.168.0.200;192.168.0.21;192.168.0.22,IPV4-ModbusTCP;IPV4-TCP,False
126,64654.06950306893,64664.06950306893,17:57:34.070,17:57:44.070,0,44,0,44,True,64654.11527609825,64663.6716299057,17:57:34.115,17:57:43.672,192.168.0.100;192.168.0.22;192.168.0.31,192.168.0.200;192.168.0.21;192.168.0.22,IPV4-ModbusTCP;IPV4-TCP,False
127,64664.06950306893,64674.06950306893,17:57:44.070,17:57:54.070,0,40,0,40,True,64664.17090702057,64673.69585895538,17:57:44.171,17:57:53.696,192.168.0.100,192.168.0.21;192.168.0.22,IPV4-ModbusTCP,False
128,64674.06950306893,64684.06950306893,17:57:54.070,17:58:04.070,3,44,1,43,True,64674.19657802582,64683.72537088394,17:57:54.197,17:58:03.725,192.168.0.100;192.168.0.21;192.168.0.33,192.168.0.200;192.168.0.21;192.168.0.22;192.168.0.33,ARP;IPV4-ModbusTCP;IPV4-TCP,False
129,64684.06950306893,64694.06950306893,17:58:04.070,17:58:14.070,0,45,0,45,True,64684.22224092484,64693.76131796837,17:58:04.222,17:58:13.761,192.168.0.100;192.168.0.21;192.168.0.22;192.168.0.31,192.168.0.200;192.168.0.21;192.168.0.22,IPV4-ModbusTCP;IPV4-TCP,False
130,64694.06950306893,64704.06950306893,17:58:14.070,17:58:24.070,0,42,0,42,True,64694.26034188271,64703.80133605003,17:58:14.260,17:58:23.801,192.168.0.100;192.168.0.21,192.168.0.21;192.168.0.22,IPV4-ModbusTCP,False
131,64704.06950306893,64714.06950306893,17:58:24.070,17:58:34.070,0,43,0,43,True,64704.29871511459,64713.83090591431,17:58:24.299,17:58:33.831,192.168.0.100;192.168.0.21,192.168.0.200;192.168.0.21;192.168.0.22,IPV4-ModbusTCP;IPV4-TCP,False
132,64714.06950306893,64724.06950306893,17:58:34.070,17:58:44.070,0,45,0,45,True,64714.33165311813,64723.86879205704,17:58:34.332,17:58:43.869,192.168.0.100;192.168.0.21;192.168.0.22;192.168.0.31,192.168.0.200;192.168.0.21;192.168.0.22,IPV4-ModbusTCP;IPV4-TCP,False
133,64724.06950306893,64734.06950306893,17:58:44.070,17:58:54.070,0,42,0,42,True,64724.12340402603,64733.92087101936,17:58:44.123,17:58:53.921,192.168.0.100;192.168.0.21,192.168.0.21;192.168.0.22,IPV4-ModbusTCP,False
134,64734.06950306893,64744.06950306893,17:58:54.070,17:59:04.070,0,42,0,42,True,64734.41190910339,64743.61881709099,17:58:54.412,17:59:03.619,192.168.0.100;192.168.0.21;192.168.0.31,192.168.0.200;192.168.0.21;192.168.0.22,IPV4-ModbusTCP;IPV4-TCP,False
135,64744.06950306893,64754.06950306893,17:59:04.070,17:59:14.070,0,45,0,45,True,64744.11472797394,64753.65604996681,17:59:04.115,17:59:13.656,192.168.0.100;192.168.0.21;192.168.0.22;192.168.0.31,192.168.0.200;192.168.0.21;192.168.0.22,IPV4-ModbusTCP;IPV4-TCP,False
136,64754.06950306893,64764.06950306893,17:59:14.070,17:59:24.070,0,41,0,41,True,64754.15474009514,64763.71171402931,17:59:14.155,17:59:23.712,192.168.0.100;192.168.0.21,192.168.0.21;192.168.0.22,IPV4-ModbusTCP,False
137,64764.06950306893,64774.06950306893,17:59:24.070,17:59:34.070,0,44,0,44,True,64764.18599295616,64773.74983000755,17:59:24.186,17:59:33.750,192.168.0.100;192.168.0.21;192.168.0.31,192.168.0.200;192.168.0.21;192.168.0.22,IPV4-ModbusTCP;IPV4-TCP,False
138,64774.06950306893,64784.06950306893,17:59:34.070,17:59:44.070,0,45,0,45,True,64774.2125120163,64783.78960990906,17:59:34.213,17:59:43.790,192.168.0.100;192.168.0.21;192.168.0.22;192.168.0.31,192.168.0.200;192.168.0.21;192.168.0.22,IPV4-ModbusTCP;IPV4-TCP,False
139,64784.06950306893,64794.06950306893,17:59:44.070,17:59:54.070,0,41,0,41,True,64784.2629609108,64793.81174111366,17:59:44.263,17:59:53.812,192.168.0.100;192.168.0.21,192.168.0.21;192.168.0.22,IPV4-ModbusTCP,False
140,64794.06950306893,64804.06950306893,17:59:54.070,18:00:04.070,3,46,1,45,True,64794.29937791824,64803.8555970192,17:59:54.299,18:00:03.856,192.168.0.100;192.168.0.21;192.168.0.31;192.168.0.33,192.168.0.200;192.168.0.21;192.168.0.22;192.168.0.33,ARP;IPV4-ModbusTCP;IPV4-TCP,False
141,64804.06950306893,64814.06950306893,18:00:04.070,18:00:14.070,0,43,0,43,True,64804.33614397049,64813.90432190895,18:00:04.336,18:00:13.904,192.168.0.100;192.168.0.22;192.168.0.31,192.168.0.200;192.168.0.21;192.168.0.22,IPV4-ModbusTCP;IPV4-TCP,False
142,64814.06950306893,64824.06950306893,18:00:14.070,18:00:24.070,0,40,0,40,True,64814.38115406037,64823.93006801605,18:00:14.381,18:00:23.930,192.168.0.100,192.168.0.21;192.168.0.22,IPV4-ModbusTCP,False
143,64824.06950306893,64834.06950306893,18:00:24.070,18:00:34.070,0,43,0,43,True,64824.42084908485,64833.958657979965,18:00:24.421,18:00:33.959,192.168.0.100;192.168.0.21;192.168.0.31,192.168.0.200;192.168.0.21;192.168.0.22,IPV4-ModbusTCP;IPV4-TCP,False
144,64834.06950306893,64844.06950306893,18:00:34.070,18:00:44.070,0,43,0,43,True,64834.44858908653,64843.99164891243,18:00:34.449,18:00:43.992,192.168.0.100;192.168.0.22;192.168.0.31,192.168.0.200;192.168.0.21;192.168.0.22,IPV4-ModbusTCP;IPV4-TCP,False
145,64844.06950306893,64854.06950306893,18:00:44.070,18:00:54.070,0,40,0,40,True,64844.48228406906,64854.03570008278,18:00:44.482,18:00:54.036,192.168.0.100,192.168.0.21;192.168.0.22,IPV4-ModbusTCP,False
146,64854.06950306893,64864.06950306893,18:00:54.070,18:01:04.070,0,41,0,41,True,64854.532536029816,64863.57760095596,18:00:54.533,18:01:03.578,192.168.0.100;192.168.0.21;192.168.0.31,192.168.0.200;192.168.0.21;192.168.0.22,IPV4-ModbusTCP;IPV4-TCP,False
147,64864.06950306893,64874.06950306893,18:01:04.070,18:01:14.070,0,43,0,43,True,64864.07802295685,64873.62058901787,18:01:04.078,18:01:13.621,192.168.0.100;192.168.0.22;192.168.0.31,192.168.0.200;192.168.0.21;192.168.0.22,IPV4-ModbusTCP;IPV4-TCP,False
148,64874.06950306893,64884.06950306893,18:01:14.070,18:01:24.070,0,40,0,40,True,64874.12107300758,64883.66382408142,18:01:14.121,18:01:23.664,192.168.0.100,192.168.0.21;192.168.0.22,IPV4-ModbusTCP,False
149,64884.06950306893,64894.06950306893,18:01:24.070,18:01:34.070,0,43,0,43,True,64884.15096902847,64893.71144604683,18:01:24.151,18:01:33.711,192.168.0.100;192.168.0.21;192.168.0.31,192.168.0.200;192.168.0.21;192.168.0.22,IPV4-ModbusTCP;IPV4-TCP,False
150,64894.06950306893,64904.06950306893,18:01:34.070,18:01:44.070,0,43,0,43,True,64894.18540096283,64903.73636698723,18:01:34.185,18:01:43.736,192.168.0.100;192.168.0.22;192.168.0.31,192.168.0.200;192.168.0.21;192.168.0.22,IPV4-ModbusTCP;IPV4-TCP,False
151,64904.06950306893,64914.06950306893,18:01:44.070,18:01:54.070,0,40,0,40,True,64904.2364320755,64913.77263998985,18:01:44.236,18:01:53.773,192.168.0.100,192.168.0.21;192.168.0.22,IPV4-ModbusTCP,False
152,64914.06950306893,64924.06950306893,18:01:54.070,18:02:04.070,0,43,0,43,True,64914.26745796204,64923.80090594292,18:01:54.267,18:02:03.801,192.168.0.100;192.168.0.21;192.168.0.31,192.168.0.200;192.168.0.21;192.168.0.22,IPV4-ModbusTCP;IPV4-TCP,False
153,64924.06950306893,64934.06950306893,18:02:04.070,18:02:14.070,0,43,0,43,True,64924.30196905136,64933.86055803299,18:02:04.302,18:02:13.861,192.168.0.100;192.168.0.22;192.168.0.31,192.168.0.200;192.168.0.21;192.168.0.22,IPV4-ModbusTCP;IPV4-TCP,False
154,64934.06950306893,64944.06950306893,18:02:14.070,18:02:24.070,0,40,0,40,True,64934.32228302956,64943.89321804047,18:02:14.322,18:02:23.893,192.168.0.100,192.168.0.21;192.168.0.22,IPV4-ModbusTCP,False
155,64944.06950306893,64954.06950306893,18:02:24.070,18:02:34.070,0,43,0,43,True,64944.375207901,64953.92463707924,18:02:24.375,18:02:33.925,192.168.0.100;192.168.0.21;192.168.0.31,192.168.0.200;192.168.0.21;192.168.0.22,IPV4-ModbusTCP;IPV4-TCP,False
156,64954.06950306893,64964.06950306893,18:02:34.070,18:02:44.070,0,43,0,43,True,64954.42136788368,64963.980249881744,18:02:34.421,18:02:43.980,192.168.0.100;192.168.0.22;192.168.0.31,192.168.0.200;192.168.0.21;192.168.0.22,IPV4-ModbusTCP;IPV4-TCP,False
157,64964.06950306893,64974.06950306893,18:02:44.070,18:02:54.070,0,40,0,40,True,64964.48168110848,64974.03112196922,18:02:44.482,18:02:54.031,192.168.0.100,192.168.0.21;192.168.0.22,IPV4-ModbusTCP,False
158,64974.06950306893,64984.06950306893,18:02:54.070,18:03:04.070,0,43,0,43,True,64974.52898311615,64984.06376695633,18:02:54.529,18:03:04.064,192.168.0.100;192.168.0.21;192.168.0.31,192.168.0.200;192.168.0.21;192.168.0.22,IPV4-ModbusTCP;IPV4-TCP,False
159,64984.06950306893,64994.06950306893,18:03:04.070,18:03:14.070,0,41,0,41,True,64984.5642580986,64993.63308596611,18:03:04.564,18:03:13.633,192.168.0.100;192.168.0.22;192.168.0.31,192.168.0.200;192.168.0.21;192.168.0.22,IPV4-ModbusTCP;IPV4-TCP,False
160,64994.06950306893,65004.06950306893,18:03:14.070,18:03:24.070,0,40,0,40,True,64994.10385298729,65003.66886901856,18:03:14.104,18:03:23.669,192.168.0.100,192.168.0.21;192.168.0.22,IPV4-ModbusTCP,False
161,65004.06950306893,65014.06950306893,18:03:24.070,18:03:34.070,0,43,0,43,True,65004.13743495941,65013.71096611023,18:03:24.137,18:03:33.711,192.168.0.100;192.168.0.21;192.168.0.31,192.168.0.200;192.168.0.21;192.168.0.22,IPV4-ModbusTCP;IPV4-TCP,False
162,65014.06950306893,65024.06950306893,18:03:34.070,18:03:44.070,0,43,0,43,True,65014.172369003296,65023.7662858963,18:03:34.172,18:03:43.766,192.168.0.100;192.168.0.22;192.168.0.31,192.168.0.200;192.168.0.21;192.168.0.22,IPV4-ModbusTCP;IPV4-TCP,False
163,65024.06950306893,65034.06950306893,18:03:44.070,18:03:54.070,0,40,0,40,True,65024.20052099228,65033.82329797745,18:03:44.201,18:03:53.823,192.168.0.100,192.168.0.21;192.168.0.22,IPV4-ModbusTCP,False
164,65034.06950306893,65044.06950306893,18:03:54.070,18:04:04.070,0,43,0,43,True,65034.23588299751,65043.85819196701,18:03:54.236,18:04:03.858,192.168.0.100;192.168.0.21;192.168.0.31,192.168.0.200;192.168.0.21;192.168.0.22,IPV4-ModbusTCP;IPV4-TCP,False
165,65044.06950306893,65054.06950306893,18:04:04.070,18:04:14.070,0,43,0,43,True,65044.28059792519,65053.89769005776,18:04:04.281,18:04:13.898,192.168.0.100;192.168.0.22;192.168.0.31,192.168.0.200;192.168.0.21;192.168.0.22,IPV4-ModbusTCP;IPV4-TCP,False
166,65054.06950306893,65064.06950306893,18:04:14.070,18:04:24.070,0,39,0,39,True,65054.31037688255,65063.839445114136,18:04:14.310,18:04:23.839,192.168.0.100,192.168.0.21;192.168.0.22,IPV4-ModbusTCP,False
167,65064.06950306893,65074.06950306893,18:04:24.070,18:04:34.070,0,43,0,43,True,65064.09561610222,65073.87386703491,18:04:24.096,18:04:33.874,192.168.0.100;192.168.0.21;192.168.0.31,192.168.0.200;192.168.0.21;192.168.0.22,IPV4-ModbusTCP;IPV4-TCP,False
168,65074.06950306893,65084.06950306893,18:04:34.070,18:04:44.070,0,43,0,43,True,65074.14436006546,65083.93100190163,18:04:34.144,18:04:43.931,192.168.0.100;192.168.0.22;192.168.0.31,192.168.0.200;192.168.0.21;192.168.0.22,IPV4-ModbusTCP;IPV4-TCP,False
169,65084.06950306893,65094.06950306893,18:04:44.070,18:04:54.070,0,40,0,40,True,65084.20125198364,65093.95963811874,18:04:44.201,18:04:53.960,192.168.0.100,192.168.0.21;192.168.0.22,IPV4-ModbusTCP,False
170,65094.06950306893,65104.06950306893,18:04:54.070,18:05:04.070,3,45,1,44,True,65094.25470805168,65103.98952007294,18:04:54.255,18:05:03.990,192.168.0.100;192.168.0.21;192.168.0.31;192.168.0.33,192.168.0.200;192.168.0.21;192.168.0.22;192.168.0.33,ARP;IPV4-ModbusTCP;IPV4-TCP,False
171,65104.06950306893,65114.06950306893,18:05:04.070,18:05:14.070,0,46,0,46,True,65104.29500794411,65114.0232489109,18:05:04.295,18:05:14.023,192.168.0.100;192.168.0.21;192.168.0.22;192.168.0.31,192.168.0.200;192.168.0.21;192.168.0.22,IPV4-ModbusTCP;IPV4-TCP,False
172,65114.06950306893,65124.06950306893,18:05:14.070,18:05:24.070,0,42,0,42,True,65114.33135700226,65124.0582408905,18:05:14.331,18:05:24.058,192.168.0.100;192.168.0.21,192.168.0.21;192.168.0.22,IPV4-ModbusTCP,False
173,65124.06950306893,65134.06950306893,18:05:24.070,18:05:34.070,0,43,0,43,True,65124.36764192581,65134.04364705086,18:05:24.368,18:05:34.044,192.168.0.100;192.168.0.21;192.168.0.31,192.168.0.200;192.168.0.21;192.168.0.22,IPV4-ModbusTCP;IPV4-TCP,False
174,65134.06950306893,65144.06950306893,18:05:34.070,18:05:44.070,0,46,0,46,True,65134.11060190201,65143.92431998253,18:05:34.111,18:05:43.924,192.168.0.100;192.168.0.21;192.168.0.22;192.168.0.31,192.168.0.200;192.168.0.21;192.168.0.22,IPV4-ModbusTCP;IPV4-TCP,False
175,65144.06950306893,65154.06950306893,18:05:44.070,18:05:54.070,0,42,0,42,True,65144.14752101898,65153.95920705795,18:05:44.148,18:05:53.959,192.168.0.100;192.168.0.21,192.168.0.21;192.168.0.22,IPV4-ModbusTCP,False
176,65154.06950306893,65164.06950306893,18:05:54.070,18:06:04.070,0,45,0,45,True,65154.19301700592,65164.00999403,18:05:54.193,18:06:04.010,192.168.0.100;192.168.0.21;fe80::1ca6:99ff:fe14:80a1,192.168.0.200;192.168.0.21;192.168.0.22;ff02::2,IPV4-ModbusTCP;IPV4-TCP;IPV6-OTHER,False
177,65164.06950306893,65174.06950306893,18:06:04.070,18:06:14.070,0,46,0,46,True,65164.25725007057,65174.06863498688,18:06:04.257,18:06:14.069,192.168.0.100;192.168.0.21;192.168.0.22;192.168.0.31,192.168.0.200;192.168.0.21;192.168.0.22,IPV4-ModbusTCP;IPV4-TCP,False
178,65174.06950306893,65184.06950306893,18:06:14.070,18:06:24.070,0,41,0,41,True,65174.33785200119,65183.87583589554,18:06:14.338,18:06:23.876,192.168.0.100;192.168.0.21,192.168.0.21;192.168.0.22,IPV4-ModbusTCP,False
179,65184.06950306893,65194.06950306893,18:06:24.070,18:06:34.070,0,45,0,45,True,65184.10308289528,65193.95105791092,18:06:24.103,18:06:33.951,192.168.0.100;192.168.0.21;fe80::90a5:61ff:fe7b:795e,192.168.0.200;192.168.0.21;192.168.0.22;ff02::2,IPV4-ModbusTCP;IPV4-TCP;IPV6-OTHER,False
180,65194.06950306893,65204.06950306893,18:06:34.070,18:06:44.070,0,46,0,46,True,65194.1692750454,65204.00530099869,18:06:34.169,18:06:44.005,192.168.0.100;192.168.0.21;192.168.0.22;192.168.0.31,192.168.0.200;192.168.0.21;192.168.0.22,IPV4-ModbusTCP;IPV4-TCP,False
181,65204.06950306893,65214.06950306893,18:06:44.070,18:06:54.070,0,43,0,43,True,65204.22505092621,65214.0542678833,18:06:44.225,18:06:54.054,192.168.0.100;192.168.0.21,192.168.0.21;192.168.0.22,IPV4-ModbusTCP,False
182,65214.06950306893,65224.06950306893,18:06:54.070,18:07:04.070,3,43,1,42,True,65214.2939350605,65223.84197592735,18:06:54.294,18:07:03.842,192.168.0.100;192.168.0.21;192.168.0.33,192.168.0.200;192.168.0.21;192.168.0.22,ARP;IPV4-ModbusTCP;IPV4-TCP,False
183,65224.06950306893,65234.06950306893,18:07:04.070,18:07:14.070,0,45,0,45,True,65224.265363931656,65233.86969399452,18:07:04.265,18:07:13.870,192.168.0.100;192.168.0.22;192.168.0.31;fe80::5888:50ff:fee5:876,192.168.0.200;192.168.0.21;192.168.0.22;ff02::2,IPV4-ModbusTCP;IPV4-TCP;IPV6-OTHER,False
184,65234.06950306893,65244.06950306893,18:07:14.070,18:07:24.070,0,40,0,40,True,65234.29600095749,65243.91127705574,18:07:14.296,18:07:23.911,192.168.0.100,192.168.0.21;192.168.0.22,IPV4-ModbusTCP,False
185,65244.06950306893,65254.06950306893,18:07:24.070,18:07:34.070,0,42,0,42,True,65244.34819698334,65253.95621299744,18:07:24.348,18:07:33.956,192.168.0.100;192.168.0.21,192.168.0.200;192.168.0.21;192.168.0.22,IPV4-ModbusTCP;IPV4-TCP,False
186,65254.06950306893,65264.06950306893,18:07:34.070,18:07:44.070,0,44,0,44,True,65254.388494968414,65264.01308298111,18:07:34.388,18:07:44.013,192.168.0.100;192.168.0.22;192.168.0.31,192.168.0.200;192.168.0.21;192.168.0.22,IPV4-ModbusTCP;IPV4-TCP,False
187,65264.06950306893,65274.06950306893,18:07:44.070,18:07:54.070,0,40,0,40,True,65264.425031900406,65274.04528903961,18:07:44.425,18:07:54.045,192.168.0.100,192.168.0.21;192.168.0.22,IPV4-ModbusTCP,False
188,65274.06950306893,65284.06950306893,18:07:54.070,18:08:04.070,0,41,0,41,True,65274.46547102928,65284.0454249382,18:07:54.465,18:08:04.045,192.168.0.100;192.168.0.21,192.168.0.200;192.168.0.21;192.168.0.22,IPV4-ModbusTCP;IPV4-TCP,False
189,65284.06950306893,65294.06950306893,18:08:04.070,18:08:14.070,0,42,0,42,True,65284.093854904175,65293.62861299515,18:08:04.094,18:08:13.629,192.168.0.100;192.168.0.22;192.168.0.31,192.168.0.200;192.168.0.21;192.168.0.22,IPV4-ModbusTCP;IPV4-TCP,False
190,65294.06950306893,65304.06950306893,18:08:14.070,18:08:24.070,0,41,0,41,True,65294.08638501167,65303.66992306709,18:08:14.086,18:08:23.670,192.168.0.100;192.168.0.31,192.168.0.21;192.168.0.22,IPV4-ModbusTCP,False
191,65304.06950306893,65314.06950306893,18:08:24.070,18:08:34.070,0,42,0,42,True,65304.13539290428,65313.70550489426,18:08:24.135,18:08:33.706,192.168.0.100;192.168.0.21,192.168.0.200;192.168.0.21;192.168.0.22,IPV4-ModbusTCP;IPV4-TCP,False
192,65314.06950306893,65324.06950306893,18:08:34.070,18:08:44.070,0,43,0,43,True,65314.19649410248,65323.782551050186,18:08:34.196,18:08:43.783,192.168.0.100;192.168.0.22;192.168.0.31,192.168.0.200;192.168.0.21;192.168.0.22,IPV4-ModbusTCP;IPV4-TCP,False
193,65324.06950306893,65334.06950306893,18:08:44.070,18:08:54.070,0,41,0,41,True,65324.23017001152,65333.829005002975,18:08:44.230,18:08:53.829,192.168.0.100;192.168.0.31,192.168.0.21;192.168.0.22,IPV4-ModbusTCP,False
194,65334.06950306893,65344.06950306893,18:08:54.070,18:09:04.070,0,43,0,43,True,65334.28283905983,65343.88387107849,18:08:54.283,18:09:03.884,192.168.0.100;192.168.0.21;fe80::84ab:60ff:fe79:906d,192.168.0.200;192.168.0.21;192.168.0.22;ff02::2,IPV4-ModbusTCP;IPV4-TCP;IPV6-OTHER,False
195,65344.06950306893,65354.06950306893,18:09:04.070,18:09:14.070,0,44,0,44,True,65344.33653903008,65353.97905302048,18:09:04.337,18:09:13.979,192.168.0.100;192.168.0.22;192.168.0.31,192.168.0.200;192.168.0.21;192.168.0.22,IPV4-ModbusTCP;IPV4-TCP,False
196,65354.06950306893,65364.06950306893,18:09:14.070,18:09:24.070,0,41,0,41,True,65354.4506790638,65364.055006980896,18:09:14.451,18:09:24.055,192.168.0.100;192.168.0.31,192.168.0.21;192.168.0.22,IPV4-ModbusTCP,False
197,65364.06950306893,65374.06950306893,18:09:24.070,18:09:34.070,0,41,0,41,True,65364.50163888931,65374.042184114456,18:09:24.502,18:09:34.042,192.168.0.100;192.168.0.21,192.168.0.200;192.168.0.21;192.168.0.22,IPV4-ModbusTCP;IPV4-TCP,False
198,65374.06950306893,65384.06950306893,18:09:34.070,18:09:44.070,0,42,0,42,True,65374.12494707108,65383.65819191933,18:09:34.125,18:09:43.658,192.168.0.100;192.168.0.22;192.168.0.31,192.168.0.200;192.168.0.21;192.168.0.22,IPV4-ModbusTCP;IPV4-TCP,False
199,65384.06950306893,65394.06950306893,18:09:44.070,18:09:54.070,0,42,0,42,True,65384.08621311188,65393.71281290054,18:09:44.086,18:09:53.713,192.168.0.100;192.168.0.31,192.168.0.21;192.168.0.22,IPV4-ModbusTCP,False
200,65394.06950306893,65404.06950306893,18:09:54.070,18:10:04.070,0,42,0,42,True,65394.20783209801,65403.78646111488,18:09:54.208,18:10:03.786,192.168.0.100;192.168.0.21,192.168.0.200;192.168.0.21;192.168.0.22,IPV4-ModbusTCP;IPV4-TCP,False
201,65404.06950306893,65414.06950306893,18:10:04.070,18:10:14.070,0,42,0,42,True,65404.25297188759,65413.83526802063,18:10:04.253,18:10:13.835,192.168.0.100;192.168.0.22,192.168.0.200;192.168.0.21;192.168.0.22,IPV4-ModbusTCP;IPV4-TCP,False
202,65414.06950306893,65424.06950306893,18:10:14.070,18:10:24.070,0,42,0,42,True,65414.33012104034,65423.88729596138,18:10:14.330,18:10:23.887,192.168.0.100;192.168.0.31,192.168.0.21;192.168.0.22,IPV4-ModbusTCP,False
203,65424.06950306893,65434.06950306893,18:10:24.070,18:10:34.070,0,42,0,42,True,65424.386905908585,65433.926032066345,18:10:24.387,18:10:33.926,192.168.0.100;192.168.0.21,192.168.0.200;192.168.0.21;192.168.0.22,IPV4-ModbusTCP;IPV4-TCP,False
204,65434.06950306893,65444.06950306893,18:10:34.070,18:10:44.070,0,42,0,42,True,65434.42171597481,65443.97298502922,18:10:34.422,18:10:43.973,192.168.0.100;192.168.0.22,192.168.0.200;192.168.0.21;192.168.0.22,IPV4-ModbusTCP;IPV4-TCP,False
205,65444.06950306893,65454.06950306893,18:10:44.070,18:10:54.070,0,42,0,42,True,65444.45323109627,65454.0103430748,18:10:44.453,18:10:54.010,192.168.0.100;192.168.0.31,192.168.0.21;192.168.0.22,IPV4-ModbusTCP,False
206,65454.06950306893,65464.06950306893,18:10:54.070,18:11:04.070,0,42,0,42,True,65454.48370695114,65464.04938602448,18:10:54.484,18:11:04.049,192.168.0.100;192.168.0.21,192.168.0.200;192.168.0.21;192.168.0.22,IPV4-ModbusTCP;IPV4-TCP,False
207,65464.06950306893,65474.06950306893,18:11:04.070,18:11:14.070,0,42,0,42,True,65464.52118110657,65474.068439006805,18:11:04.521,18:11:14.068,192.168.0.100;192.168.0.22;fe80::c474:5bff:fe91:d7e3,192.168.0.200;192.168.0.21;192.168.0.22;ff02::2,IPV4-ModbusTCP;IPV4-TCP;IPV6-OTHER,False
208,65474.06950306893,65484.06950306893,18:11:14.070,18:11:24.070,0,41,0,41,True,65474.093707084656,65483.6197180748,18:11:14.094,18:11:23.620,192.168.0.100;192.168.0.31,192.168.0.21;192.168.0.22,IPV4-ModbusTCP,False
209,65484.06950306893,65494.06950306893,18:11:24.070,18:11:34.070,0,42,0,42,True,65484.10734009743,65493.663845062256,18:11:24.107,18:11:33.664,192.168.0.100;192.168.0.21,192.168.0.200;192.168.0.21;192.168.0.22,IPV4-ModbusTCP;IPV4-TCP,False
210,65494.06950306893,65504.06950306893,18:11:34.070,18:11:44.070,0,42,0,42,True,65494.16438508034,65503.70189094544,18:11:34.164,18:11:43.702,192.168.0.100;192.168.0.22,192.168.0.200;192.168.0.21;192.168.0.22,IPV4-ModbusTCP;IPV4-TCP,False
211,65504.06950306893,65514.06950306893,18:11:44.070,18:11:54.070,0,42,0,42,True,65504.20379495621,65513.78551888466,18:11:44.204,18:11:53.786,192.168.0.100;192.168.0.31,192.168.0.21;192.168.0.22,IPV4-ModbusTCP,False
212,65514.06950306893,65524.06950306893,18:11:54.070,18:12:04.070,3,44,1,43,True,65514.2801721096,65523.83662700653,18:11:54.280,18:12:03.837,192.168.0.100;192.168.0.21;192.168.0.33,192.168.0.200;192.168.0.21;192.168.0.22;192.168.0.33,ARP;IPV4-ModbusTCP;IPV4-TCP,False
213,65524.06950306893,65534.06950306893,18:12:04.070,18:12:14.070,0,46,0,46,True,65524.33061289787,65533.970390081406,18:12:04.331,18:12:13.970,192.168.0.100;192.168.0.21;192.168.0.22,192.168.0.200;192.168.0.21;192.168.0.22,IPV4-ModbusTCP;IPV4-TCP,False
214,65534.06950306893,65544.06950306892,18:12:14.070,18:12:24.070,0,45,0,45,True,65534.39728307724,65543.94279694557,18:12:14.397,18:12:23.943,192.168.0.100;192.168.0.21;192.168.0.31,192.168.0.21;192.168.0.22,IPV4-ModbusTCP,False
215,65544.06950306892,65554.06950306892,18:12:24.070,18:12:34.070,0,44,0,44,True,65544.44368100166,65554.01409292221,18:12:24.444,18:12:34.014,192.168.0.100;192.168.0.21,192.168.0.200;192.168.0.21;192.168.0.22,IPV4-ModbusTCP;IPV4-TCP,False
216,65554.06950306892,65564.06950306892,18:12:34.070,18:12:44.070,0,45,0,45,True,65554.4957370758,65564.04965496063,18:12:34.496,18:12:44.050,192.168.0.100;192.168.0.21;192.168.0.22,192.168.0.200;192.168.0.21;192.168.0.22,IPV4-ModbusTCP;IPV4-TCP,False
217,65564.06950306892,65574.06950306892,18:12:44.070,18:12:54.070,0,43,0,43,True,65564.53310894966,65573.60120010376,18:12:44.533,18:12:53.601,192.168.0.100;192.168.0.21;192.168.0.31,192.168.0.21;192.168.0.22,IPV4-ModbusTCP,False
218,65574.06950306892,65584.06950306892,18:12:54.070,18:13:04.070,0,44,0,44,True,65574.07973003387,65583.68545889854,18:12:54.080,18:13:03.685,192.168.0.100;192.168.0.21,192.168.0.200;192.168.0.21;192.168.0.22,IPV4-ModbusTCP;IPV4-TCP,False
219,65584.06950306892,65594.06950306892,18:13:04.070,18:13:14.070,0,45,0,45,True,65584.13080596924,65593.70904111862,18:13:04.131,18:13:13.709,192.168.0.100;192.168.0.21;192.168.0.22,192.168.0.200;192.168.0.21;192.168.0.22,IPV4-ModbusTCP;IPV4-TCP,False
220,65594.06950306892,65604.06950306892,18:13:14.070,18:13:24.070,0,45,0,45,True,65594.16259503365,65603.73975896835,18:13:14.163,18:13:23.740,192.168.0.100;192.168.0.21;192.168.0.31,192.168.0.21;192.168.0.22,IPV4-ModbusTCP,False
221,65604.06950306892,65614.06950306892,18:13:24.070,18:13:34.070,0,48,0,48,True,65604.07525706291,65613.79206490517,18:13:24.075,18:13:33.792,192.168.0.100;192.168.0.21;192.168.0.22;192.168.0.32,192.168.0.200;192.168.0.21;192.168.0.22;192.168.0.32,ARP;IPV4-ModbusTCP;IPV4-TCP,False
222,65614.06950306892,65624.06950306892,18:13:34.070,18:13:44.070,0,46,0,46,True,65614.27943992615,65624.00536894798,18:13:34.279,18:13:44.005,192.168.0.100;192.168.0.21;192.168.0.22,192.168.0.200;192.168.0.21;192.168.0.22,IPV4-ModbusTCP;IPV4-TCP,False
223,65624.06950306892,65634.06950306892,18:13:44.070,18:13:54.070,0,45,0,45,True,65624.32256102562,65633.9007229805,18:13:44.323,18:13:53.901,192.168.0.100;192.168.0.21;192.168.0.31,192.168.0.21;192.168.0.22,IPV4-ModbusTCP,False
224,65634.06950306892,65644.06950306892,18:13:54.070,18:14:04.070,3,45,1,44,True,65634.35996294022,65643.95733189583,18:13:54.360,18:14:03.957,192.168.0.100;192.168.0.21;192.168.0.33,192.168.0.200;192.168.0.21;192.168.0.22;192.168.0.33,ARP;IPV4-ModbusTCP;IPV4-TCP,False
225,65644.06950306892,65654.06950306892,18:14:04.070,18:14:14.070,0,42,0,42,True,65644.40767097473,65654.01979589462,18:14:04.408,18:14:14.020,192.168.0.100;192.168.0.22,192.168.0.200;192.168.0.21;192.168.0.22,IPV4-ModbusTCP;IPV4-TCP,False
226,65654.06950306892,65664.06950306892,18:14:14.070,18:14:24.070,0,42,0,42,True,65654.4670240879,65664.06646203995,18:14:14.467,18:14:24.066,192.168.0.100;192.168.0.31,192.168.0.21;192.168.0.22,IPV4-ModbusTCP,False
227,65664.06950306892,65674.06950306892,18:14:24.070,18:14:34.070,0,40,0,40,True,65664.52619290352,65673.60833096504,18:14:24.526,18:14:33.608,192.168.0.100;192.168.0.21,192.168.0.200;192.168.0.21;192.168.0.22,IPV4-ModbusTCP;IPV4-TCP,False
228,65674.06950306892,65684.06950306892,18:14:34.070,18:14:44.070,0,42,0,42,True,65674.07924294472,65684.00809192657,18:14:34.079,18:14:44.008,192.168.0.100;192.168.0.22,192.168.0.200;192.168.0.21;192.168.0.22,IPV4-ModbusTCP;IPV4-TCP,False
229,65684.06950306892,65694.06950306892,18:14:44.070,18:14:54.070,0,42,0,42,True,65684.15299391747,65693.7034111023,18:14:44.153,18:14:53.703,192.168.0.100;192.168.0.31,192.168.0.21;192.168.0.22,IPV4-ModbusTCP,False
230,65694.06950306892,65704.06950306892,18:14:54.070,18:15:04.070,0,42,0,42,True,65694.19752693176,65703.746915102,18:14:54.198,18:15:03.747,192.168.0.100;192.168.0.21,192.168.0.200;192.168.0.21;192.168.0.22,IPV4-ModbusTCP;IPV4-TCP,False
231,65704.06950306892,65714.06950306892,18:15:04.070,18:15:14.070,0,41,0,41,True,65704.24303793907,65713.80073690414,18:15:04.243,18:15:13.801,192.168.0.100;192.168.0.22,192.168.0.21;192.168.0.22,IPV4-ModbusTCP,False
232,65714.06950306892,65724.06950306892,18:15:14.070,18:15:24.070,0,43,0,43,True,65714.25530290604,65723.84116196632,18:15:14.255,18:15:23.841,192.168.0.100;192.168.0.31,192.168.0.200;192.168.0.21;192.168.0.22,IPV4-ModbusTCP;IPV4-TCP,False
233,65724.06950306892,65734.06950306892,18:15:24.070,18:15:34.070,0,42,0,42,True,65724.30846190453,65733.87596106529,18:15:24.308,18:15:33.876,192.168.0.100;192.168.0.21,192.168.0.200;192.168.0.21;192.168.0.22,IPV4-ModbusTCP;IPV4-TCP,False
234,65734.06950306892,65744.06950306892,18:15:34.070,18:15:44.070,0,41,0,41,True,65734.33724188805,65743.94664788246,18:15:34.337,18:15:43.947,192.168.0.100;192.168.0.22,192.168.0.21;192.168.0.22,IPV4-ModbusTCP,False
235,65744.06950306892,65754.06950306892,18:15:44.070,18:15:54.070,0,43,0,43,True,65744.37749505043,65753.99810004234,18:15:44.377,18:15:53.998,192.168.0.100;192.168.0.31,192.168.0.200;192.168.0.21;192.168.0.22,IPV4-ModbusTCP;IPV4-TCP,False
236,65754.06950306892,65764.06950306892,18:15:54.070,18:16:04.070,0,42,0,42,True,65754.42854499817,65764.04623103142,18:15:54.429,18:16:04.046,192.168.0.100;192.168.0.21,192.168.0.200;192.168.0.21;192.168.0.22,IPV4-ModbusTCP;IPV4-TCP,False
237,65764.06950306892,65774.06950306892,18:16:04.070,18:16:14.070,0,40,0,40,True,65764.47369098663,65774.01863408089,18:16:04.474,18:16:14.019,192.168.0.100;192.168.0.22,192.168.0.21;192.168.0.22,IPV4-ModbusTCP,False
238,65774.06950306892,65784.06950306892,18:16:14.070,18:16:24.070,0,43,0,43,True,65774.09643697739,65784.06288790703,18:16:14.096,18:16:24.063,192.168.0.100;192.168.0.31,192.168.0.200;192.168.0.21;192.168.0.22,IPV4-ModbusTCP;IPV4-TCP,False
239,65784.06950306892,65794.06950306892,18:16:24.070,18:16:34.070,0,41,0,41,True,65784.13175702095,65793.68953704834,18:16:24.132,18:16:33.690,192.168.0.100;192.168.0.21,192.168.0.200;192.168.0.21;192.168.0.22,IPV4-ModbusTCP;IPV4-TCP,False
240,65794.06950306892,65804.06950306892,18:16:34.070,18:16:44.070,0,41,0,41,True,65794.15918588638,65803.76804709435,18:16:34.159,18:16:43.768,192.168.0.100;192.168.0.22,192.168.0.21;192.168.0.22,IPV4-ModbusTCP,False
241,65804.06950306892,65814.06950306892,18:16:44.070,18:16:54.070,0,43,0,43,True,65804.20929288864,65813.82071900368,18:16:44.209,18:16:53.821,192.168.0.100;192.168.0.31,192.168.0.200;192.168.0.21;192.168.0.22,IPV4-ModbusTCP;IPV4-TCP,False
242,65814.06950306892,65824.06950306892,18:16:54.070,18:17:04.070,0,42,0,42,True,65814.25675392151,65823.87164092064,18:16:54.257,18:17:03.872,192.168.0.100;192.168.0.21,192.168.0.200;192.168.0.21;192.168.0.22,IPV4-ModbusTCP;IPV4-TCP,False
243,65824.06950306892,65834.06950306892,18:17:04.070,18:17:14.070,0,41,0,41,True,65824.30195689201,65833.90166807175,18:17:04.302,18:17:13.902,192.168.0.100;192.168.0.22,192.168.0.21;192.168.0.22,IPV4-ModbusTCP,False
244,65834.06950306892,65844.06950306892,18:17:14.070,18:17:24.070,0,43,0,43,True,65834.32703399658,65843.94173002243,18:17:14.327,18:17:23.942,192.168.0.100;192.168.0.31,192.168.0.200;192.168.0.21;192.168.0.22,IPV4-ModbusTCP;IPV4-TCP,False
245,65844.06950306892,65854.06950306892,18:17:24.070,18:17:34.070,0,42,0,42,True,65844.36048698425,65853.9712998867,18:17:24.360,18:17:33.971,192.168.0.100;192.168.0.21,192.168.0.200;192.168.0.21;192.168.0.22,IPV4-ModbusTCP;IPV4-TCP,False
246,65854.06950306892,65864.06950306892,18:17:34.070,18:17:44.070,0,42,0,42,True,65854.4018061161,65864.00505495071,18:17:34.402,18:17:44.005,192.168.0.100;192.168.0.22;fe80::f43a:3fff:fe28:7008,192.168.0.21;192.168.0.22;ff02::2,IPV4-ModbusTCP;IPV6-OTHER,False
247,65864.06950306892,65874.06950306892,18:17:44.070,18:17:54.070,0,43,0,43,True,65864.43904089928,65874.04846096039,18:17:44.439,18:17:54.048,192.168.0.100;192.168.0.31,192.168.0.200;192.168.0.21;192.168.0.22,IPV4-ModbusTCP;IPV4-TCP,False
248,65874.06950306892,65884.06950306892,18:17:54.070,18:18:04.070,0,40,0,40,True,65874.48993897438,65883.5804901123,18:17:54.490,18:18:03.580,192.168.0.100;192.168.0.21,192.168.0.200;192.168.0.21;192.168.0.22,IPV4-ModbusTCP;IPV4-TCP,False
249,65884.06950306892,65894.06950306892,18:18:04.070,18:18:14.070,0,41,0,41,True,65884.07128810883,65893.64172291756,18:18:04.071,18:18:13.642,192.168.0.100;192.168.0.22,192.168.0.21;192.168.0.22,IPV4-ModbusTCP,False
250,65894.06950306892,65904.06950306892,18:18:14.070,18:18:24.070,0,43,0,43,True,65894.13518595695,65903.69661593437,18:18:14.135,18:18:23.697,192.168.0.100;192.168.0.31,192.168.0.200;192.168.0.21;192.168.0.22,IPV4-ModbusTCP;IPV4-TCP,False
251,65904.06950306892,65914.06950306892,18:18:24.070,18:18:34.070,0,42,0,42,True,65904.19284296036,65913.77137207985,18:18:24.193,18:18:33.771,192.168.0.100;192.168.0.21,192.168.0.200;192.168.0.21;192.168.0.22,IPV4-ModbusTCP;IPV4-TCP,False
252,65914.06950306892,65924.06950306892,18:18:34.070,18:18:44.070,0,41,0,41,True,65914.27224802971,65923.81614494324,18:18:34.272,18:18:43.816,192.168.0.100;192.168.0.22,192.168.0.21;192.168.0.22,IPV4-ModbusTCP,False
253,65924.06950306892,65934.06950306892,18:18:44.070,18:18:54.070,0,43,0,43,True,65924.3088350296,65933.87808704376,18:18:44.309,18:18:53.878,192.168.0.100;192.168.0.31,192.168.0.200;192.168.0.21;192.168.0.22,IPV4-ModbusTCP;IPV4-TCP,False
254,65934.06950306892,65944.06950306892,18:18:54.070,18:19:04.070,3,44,1,43,True,65934.37600588799,65943.93573999405,18:18:54.376,18:19:03.936,192.168.0.100;192.168.0.21;192.168.0.33,192.168.0.200;192.168.0.21;192.168.0.22,ARP;IPV4-ModbusTCP;IPV4-TCP,False
255,65944.06950306892,65954.06950306892,18:19:04.070,18:19:14.070,0,44,0,44,True,65944.42870306969,65953.98406600952,18:19:04.429,18:19:13.984,192.168.0.100;192.168.0.21;192.168.0.22,192.168.0.21;192.168.0.22,IPV4-ModbusTCP,False
256,65954.06950306892,65964.06950306892,18:19:14.070,18:19:24.070,0,46,0,46,True,65954.46226811409,65964.01779603958,18:19:14.462,18:19:24.018,192.168.0.100;192.168.0.21;192.168.0.31,192.168.0.200;192.168.0.21;192.168.0.22,IPV4-ModbusTCP;IPV4-TCP,False
257,65964.06950306892,65974.06950306892,18:19:24.070,18:19:34.070,0,44,0,44,True,65964.50011396408,65974.05971193314,18:19:24.500,18:19:34.060,192.168.0.100;192.168.0.21,192.168.0.200;192.168.0.21;192.168.0.22,IPV4-ModbusTCP;IPV4-TCP,False
258,65974.06950306892,65984.06950306892,18:19:34.070,18:19:44.070,0,42,0,42,True,65974.54471707344,65983.61370205879,18:19:34.545,18:19:43.614,192.168.0.100;192.168.0.21;192.168.0.22,192.168.0.21;192.168.0.22,IPV4-ModbusTCP,False
259,65984.06950306892,65994.06950306892,18:19:44.070,18:19:54.070,0,46,0,46,True,65984.08221101761,65993.6622929573,18:19:44.082,18:19:53.662,192.168.0.100;192.168.0.21;192.168.0.31,192.168.0.200;192.168.0.21;192.168.0.22,IPV4-ModbusTCP;IPV4-TCP,False
260,65994.06950306892,66004.06950306892,18:19:54.070,18:20:04.070,0,44,0,44,True,65994.1268401146,66003.71917104721,18:19:54.127,18:20:03.719,192.168.0.100;192.168.0.21,192.168.0.200;192.168.0.21;192.168.0.22,IPV4-ModbusTCP;IPV4-TCP,False
261,66004.06950306892,66014.06950306892,18:20:04.070,18:20:14.070,0,44,0,44,True,66004.1604681015,66013.79800009727,18:20:04.160,18:20:13.798,192.168.0.100;192.168.0.21;192.168.0.22,192.168.0.21;192.168.0.22,IPV4-ModbusTCP,False
262,66014.06950306892,66024.06950306892,18:20:14.070,18:20:24.070,0,45,0,45,True,66014.21740794182,66023.81690001488,18:20:14.217,18:20:23.817,192.168.0.100;192.168.0.21;192.168.0.31,192.168.0.200;192.168.0.21;192.168.0.22,IPV4-ModbusTCP;IPV4-TCP,False
263,66024.06950306892,66034.06950306892,18:20:24.070,18:20:34.070,0,44,0,44,True,66024.09378290176,66033.87288308144,18:20:24.094,18:20:33.873,192.168.0.100;192.168.0.21,192.168.0.200;192.168.0.21;192.168.0.22,IPV4-ModbusTCP;IPV4-TCP,False
264,66034.06950306892,66044.06950306892,18:20:34.070,18:20:44.070,0,44,0,44,True,66034.30974698067,66043.91726088524,18:20:34.310,18:20:43.917,192.168.0.100;192.168.0.21;192.168.0.22,192.168.0.21;192.168.0.22,IPV4-ModbusTCP,False
265,66044.06950306892,66054.06950306892,18:20:44.070,18:20:54.070,0,46,0,46,True,66044.36078310013,66053.95479488373,18:20:44.361,18:20:53.955,192.168.0.100;192.168.0.21;192.168.0.31,192.168.0.200;192.168.0.21;192.168.0.22,IPV4-ModbusTCP;IPV4-TCP,False
266,66054.06950306892,66064.06950306892,18:20:54.070,18:21:04.070,3,46,1,45,True,66054.43508291245,66064.02058911324,18:20:54.435,18:21:04.021,192.168.0.100;192.168.0.21;192.168.0.33,192.168.0.200;192.168.0.21;192.168.0.22;192.168.0.33,ARP;IPV4-ModbusTCP;IPV4-TCP,False
267,66064.06950306892,66074.06950306892,18:21:04.070,18:21:14.070,0,41,0,41,True,66064.50470399857,66074.0643351078,18:21:04.505,18:21:14.064,192.168.0.100;192.168.0.22,192.168.0.21;192.168.0.22,IPV4-ModbusTCP,False
268,66074.06950306892,66084.06950306892,18:21:14.070,18:21:24.070,0,41,0,41,True,66074.54388093948,66083.67056798935,18:21:14.544,18:21:23.671,192.168.0.100;192.168.0.31,192.168.0.200;192.168.0.21;192.168.0.22,IPV4-ModbusTCP;IPV4-TCP,False
269,66084.06950306892,66094.06950306892,18:21:24.070,18:21:34.070,0,42,0,42,True,66084.08494591713,66093.6654241085,18:21:24.085,18:21:33.665,192.168.0.100;192.168.0.21,192.168.0.200;192.168.0.21;192.168.0.22,IPV4-ModbusTCP;IPV4-TCP,False
270,66094.06950306892,66104.06950306892,18:21:34.070,18:21:44.070,0,41,0,41,True,66094.14315891266,66103.86146092415,18:21:34.143,18:21:43.861,192.168.0.100;192.168.0.22,192.168.0.21;192.168.0.22,IPV4-ModbusTCP,False
271,66104.06950306892,66114.06950306892,18:21:44.070,18:21:54.070,0,43,0,43,True,66104.36077594757,66113.91362404823,18:21:44.361,18:21:53.914,192.168.0.100;192.168.0.31,192.168.0.200;192.168.0.21;192.168.0.22,IPV4-ModbusTCP;IPV4-TCP,False
272,66114.06950306892,66124.06950306892,18:21:54.070,18:22:04.070,0,42,0,42,True,66114.4156858921,66123.9762699604,18:21:54.416,18:22:03.976,192.168.0.100;192.168.0.21,192.168.0.200;192.168.0.21;192.168.0.22,IPV4-ModbusTCP;IPV4-TCP,False
273,66124.06950306892,66134.06950306892,18:22:04.070,18:22:14.070,0,41,0,41,True,66124.47452688217,66134.0531361103,18:22:04.475,18:22:14.053,192.168.0.100;192.168.0.22,192.168.0.21;192.168.0.22,IPV4-ModbusTCP,False
274,66134.06950306892,66144.06950306892,18:22:14.070,18:22:24.070,0,41,0,41,True,66134.52493691444,66144.02527999878,18:22:14.525,18:22:24.025,192.168.0.100;192.168.0.31,192.168.0.200;192.168.0.21;192.168.0.22,IPV4-ModbusTCP;IPV4-TCP,False
275,66144.06950306892,66154.06950306892,18:22:24.070,18:22:34.070,0,42,0,42,True,66144.0695950985,66153.65038108826,18:22:24.070,18:22:33.650,192.168.0.100;192.168.0.21,192.168.0.200;192.168.0.21;192.168.0.22,IPV4-ModbusTCP;IPV4-TCP,False
276,66154.06950306892,66164.06950306892,18:22:34.070,18:22:44.070,0,41,0,41,True,66154.1370229721,66163.70366096497,18:22:34.137,18:22:43.704,192.168.0.100;192.168.0.22,192.168.0.21;192.168.0.22,IPV4-ModbusTCP,False
277,66164.06950306892,66174.06950306892,18:22:44.070,18:22:54.070,0,42,0,42,True,66164.20362997055,66173.77196002007,18:22:44.204,18:22:53.772,192.168.0.100;192.168.0.31,192.168.0.200;192.168.0.21;192.168.0.22,IPV4-ModbusTCP;IPV4-TCP,False
278,66174.06950306892,66184.06950306892,18:22:54.070,18:23:04.070,0,43,0,43,True,66174.15011811256,66183.80187296867,18:22:54.150,18:23:03.802,192.168.0.100;192.168.0.21;192.168.0.31,192.168.0.200;192.168.0.21;192.168.0.22,IPV4-ModbusTCP;IPV4-TCP,False
279,66184.06950306892,66194.06950306892,18:23:04.070,18:23:14.070,0,41,0,41,True,66184.29746198654,66193.85970711708,18:23:04.297,18:23:13.860,192.168.0.100;192.168.0.22,192.168.0.21;192.168.0.22,IPV4-ModbusTCP,False
280,66194.06950306892,66204.06950306892,18:23:14.070,18:23:24.070,0,42,0,42,True,66194.36080789566,66203.9122440815,18:23:14.361,18:23:23.912,192.168.0.100;192.168.0.31,192.168.0.200;192.168.0.21;192.168.0.22,IPV4-ModbusTCP;IPV4-TCP,False
281,66204.06950306892,66214.06950306892,18:23:24.070,18:23:34.070,0,43,0,43,True,66204.2843580246,66213.95995688438,18:23:24.284,18:23:33.960,192.168.0.100;192.168.0.21;192.168.0.31,192.168.0.200;192.168.0.21;192.168.0.22,IPV4-ModbusTCP;IPV4-TCP,False
282,66214.06950306892,66224.06950306892,18:23:34.070,18:23:44.070,0,41,0,41,True,66214.45094203949,66224.00771999359,18:23:34.451,18:23:44.008,192.168.0.100;192.168.0.22,192.168.0.21;192.168.0.22,IPV4-ModbusTCP,False
283,66224.06950306892,66234.06950306892,18:23:44.070,18:23:54.070,0,42,0,42,True,66224.48042988777,66234.04307699203,18:23:44.480,18:23:54.043,192.168.0.100;192.168.0.31,192.168.0.200;192.168.0.21;192.168.0.22,IPV4-ModbusTCP;IPV4-TCP,False
284,66234.06950306892,66244.06950306892,18:23:54.070,18:24:04.070,0,42,0,42,True,66234.41508698463,66244.06502699852,18:23:54.415,18:24:04.065,192.168.0.100;192.168.0.21;192.168.0.31,192.168.0.200;192.168.0.21;192.168.0.22,IPV4-ModbusTCP;IPV4-TCP,False
285,66244.06950306892,66254.06950306892,18:24:04.070,18:24:14.070,0,41,0,41,True,66244.084690094,66253.67169189453,18:24:04.085,18:24:13.672,192.168.0.100;192.168.0.22;192.168.0.31,192.168.0.21;192.168.0.22,IPV4-ModbusTCP,False
287,66264.06950306892,66274.06950306892,18:24:24.070,18:24:34.070,0,42,0,42,True,66264.30773806572,66273.84999704361,18:24:24.308,18:24:33.850,192.168.0.100;192.168.0.21,192.168.0.200;192.168.0.21;192.168.0.22,IPV4-ModbusTCP;IPV4-TCP,False
288,66274.06950306892,66284.06950306892,18:24:34.070,18:24:44.070,0,42,0,42,True,66274.34960889816,66283.92477202415,18:24:34.350,18:24:43.925,192.168.0.100;192.168.0.22;192.168.0.31,192.168.0.21;192.168.0.22,IPV4-ModbusTCP,False
289,66284.06950306892,66294.06950306892,18:24:44.070,18:24:54.070,0,42,0,42,True,66284.41387104988,66293.963793993,18:24:44.414,18:24:53.964,192.168.0.100;192.168.0.31,192.168.0.200;192.168.0.21;192.168.0.22,IPV4-ModbusTCP;IPV4-TCP,False
290,66294.06950306892,66304.06950306892,18:24:54.070,18:25:04.070,0,42,0,42,True,66294.46999311447,66304.03270411491,18:24:54.470,18:25:04.033,192.168.0.100;192.168.0.21,192.168.0.200;192.168.0.21;192.168.0.22,IPV4-ModbusTCP;IPV4-TCP,False
291,66304.06950306892,66314.06950306892,18:25:04.070,18:25:14.070,0,42,0,42,True,66304.53000211716,66314.0656490326,18:25:04.530,18:25:14.066,192.168.0.100;192.168.0.22;192.168.0.31,192.168.0.21;192.168.0.22,IPV4-ModbusTCP,False
292,66314.06950306892,66324.06950306892,18:25:14.070,18:25:24.070,0,40,0,40,True,66314.55935001373,66323.60118889809,18:25:14.559,18:25:23.601,192.168.0.100;192.168.0.31,192.168.0.200;192.168.0.21;192.168.0.22,IPV4-ModbusTCP;IPV4-TCP,False
293,66324.06950306892,66334.06950306892,18:25:24.070,18:25:34.070,0,42,0,42,True,66324.10155010223,66333.64723396301,18:25:24.102,18:25:33.647,192.168.0.100;192.168.0.21,192.168.0.200;192.168.0.21;192.168.0.22,IPV4-ModbusTCP;IPV4-TCP,False
294,66334.06950306892,66344.06950306892,18:25:34.070,18:25:44.070,0,42,0,42,True,66334.14473509789,66343.70801591873,18:25:34.145,18:25:43.708,192.168.0.100;192.168.0.22;192.168.0.31,192.168.0.21;192.168.0.22,IPV4-ModbusTCP,False
295,66344.06950306892,66354.06950306892,18:25:44.070,18:25:54.070,0,42,0,42,True,66344.20912599564,66353.74762511253,18:25:44.209,18:25:53.748,192.168.0.100;192.168.0.31,192.168.0.200;192.168.0.21;192.168.0.22,IPV4-ModbusTCP;IPV4-TCP,False
296,66354.06950306892,66364.06950306892,18:25:54.070,18:26:04.070,3,44,1,43,True,66354.24829506874,66363.96432209015,18:25:54.248,18:26:03.964,192.168.0.100;192.168.0.21;192.168.0.33,192.168.0.200;192.168.0.21;192.168.0.22;192.168.0.33,ARP;IPV4-ModbusTCP;IPV4-TCP,False
297,66364.06950306892,66374.06950306892,18:26:04.070,18:26:14.070,0,44,0,44,True,66364.30120205879,66373.84831309319,18:26:04.301,18:26:13.848,192.168.0.100;192.168.0.21;192.168.0.22;192.168.0.31,192.168.0.21;192.168.0.22,IPV4-ModbusTCP,False
298,66374.06950306892,66384.06950306892,18:26:14.070,18:26:24.070,0,44,0,44,True,66374.34349298477,66383.90382099152,18:26:14.343,18:26:23.904,192.168.0.100;192.168.0.21;192.168.0.31,192.168.0.200;192.168.0.21;192.168.0.22,IPV4-ModbusTCP;IPV4-TCP,False
299,66384.06950306892,66394.06950306892,18:26:24.070,18:26:34.070,0,44,0,44,True,66384.39901709557,66393.94896793365,18:26:24.399,18:26:33.949,192.168.0.100;192.168.0.21,192.168.0.200;192.168.0.21;192.168.0.22,IPV4-ModbusTCP;IPV4-TCP,False
300,66394.06950306892,66404.06950306892,18:26:34.070,18:26:44.070,0,44,0,44,True,66394.44770693779,66403.9899148941,18:26:34.448,18:26:43.990,192.168.0.100;192.168.0.21;192.168.0.22;192.168.0.31,192.168.0.21;192.168.0.22,IPV4-ModbusTCP,False
301,66404.06950306892,66414.06950306892,18:26:44.070,18:26:54.070,0,44,0,44,True,66404.49070906639,66414.03728103638,18:26:44.491,18:26:54.037,192.168.0.100;192.168.0.21;192.168.0.31,192.168.0.200;192.168.0.21;192.168.0.22,IPV4-ModbusTCP;IPV4-TCP,False
302,66414.06950306892,66424.06950306892,18:26:54.070,18:27:04.070,0,43,0,43,True,66414.53085899353,66424.06891608238,18:26:54.531,18:27:04.069,192.168.0.100;192.168.0.21,192.168.0.200;192.168.0.21;192.168.0.22,IPV4-ModbusTCP;IPV4-TCP,False
303,66424.06950306892,66434.06950306892,18:27:04.070,18:27:14.070,0,43,0,43,True,66424.07671499252,66433.61967992783,18:27:04.077,18:27:13.620,192.168.0.100;192.168.0.21;192.168.0.22;192.168.0.31,192.168.0.21;192.168.0.22,IPV4-ModbusTCP,False
304,66434.06950306892,66444.06950306892,18:27:14.070,18:27:24.070,0,44,0,44,True,66434.11815690994,66443.69545793533,18:27:14.118,18:27:23.695,192.168.0.100;192.168.0.21;192.168.0.31,192.168.0.200;192.168.0.21;192.168.0.22,IPV4-ModbusTCP;IPV4-TCP,False
305,66444.06950306892,66454.06950306892,18:27:24.070,18:27:34.070,0,44,0,44,True,66444.18256497383,66453.80979204178,18:27:24.183,18:27:33.810,192.168.0.100;192.168.0.21,192.168.0.200;192.168.0.21;192.168.0.22,IPV4-ModbusTCP;IPV4-TCP,False
306,66454.06950306892,66464.06950306892,18:27:34.070,18:27:44.070,0,44,0,44,True,66454.23573803902,66463.86368894577,18:27:34.236,18:27:43.864,192.168.0.100;192.168.0.21;192.168.0.22;192.168.0.31,192.168.0.21;192.168.0.22,IPV4-ModbusTCP,False
307,66464.06950306892,66474.06950306892,18:27:44.070,18:27:54.070,0,44,0,44,True,66464.3068330288,66473.94063305855,18:27:44.307,18:27:53.941,192.168.0.100;192.168.0.21;192.168.0.31,192.168.0.200;192.168.0.21;192.168.0.22,IPV4-ModbusTCP;IPV4-TCP,False
308,66474.06950306892,66484.06950306892,18:27:54.070,18:28:04.070,3,45,1,44,True,66474.37978696823,66484.02755689621,18:27:54.380,18:28:04.028,192.168.0.100;192.168.0.21;192.168.0.33,192.168.0.200;192.168.0.21;192.168.0.22;192.168.0.33,ARP;IPV4-ModbusTCP;IPV4-TCP,False
309,66484.06950306892,66494.06950306892,18:28:04.070,18:28:14.070,0,42,0,42,True,66484.45650196075,66494.035654068,18:28:04.457,18:28:14.036,192.168.0.100;192.168.0.22;192.168.0.31,192.168.0.21;192.168.0.22,IPV4-ModbusTCP,False
310,66494.06950306892,66504.06950306892,18:28:14.070,18:28:24.070,0,41,0,41,True,66494.51232290268,66504.05577301979,18:28:14.512,18:28:24.056,192.168.0.100;192.168.0.31,192.168.0.200;192.168.0.21;192.168.0.22,IPV4-ModbusTCP;IPV4-TCP,False
311,66504.06950306892,66514.06950306892,18:28:24.070,18:28:34.070,0,41,0,41,True,66504.11432790756,66513.65615200996,18:28:24.114,18:28:33.656,192.168.0.100;192.168.0.21,192.168.0.200;192.168.0.21;192.168.0.22,IPV4-ModbusTCP;IPV4-TCP,False
312,66514.06950306892,66524.06950306892,18:28:34.070,18:28:44.070,0,42,0,42,True,66514.10369205475,66523.70819592476,18:28:34.104,18:28:43.708,192.168.0.100;192.168.0.22;192.168.0.31,192.168.0.21;192.168.0.22,IPV4-ModbusTCP,False
313,66524.06950306892,66534.06950306892,18:28:44.070,18:28:54.070,0,42,0,42,True,66524.1810541153,66533.75975298882,18:28:44.181,18:28:53.760,192.168.0.100;192.168.0.31,192.168.0.200;192.168.0.21;192.168.0.22,IPV4-ModbusTCP;IPV4-TCP,False
314,66534.06950306892,66544.06950306892,18:28:54.070,18:29:04.070,0,42,0,42,True,66534.22638607025,66543.80044102669,18:28:54.226,18:29:03.800,192.168.0.100;192.168.0.21,192.168.0.200;192.168.0.21;192.168.0.22,IPV4-ModbusTCP;IPV4-TCP,False
315,66544.06950306892,66554.06950306892,18:29:04.070,18:29:14.070,0,42,0,42,True,66544.25913906097,66553.8654949665,18:29:04.259,18:29:13.865,192.168.0.100;192.168.0.22;192.168.0.31,192.168.0.21;192.168.0.22,IPV4-ModbusTCP,False
316,66554.06950306892,66564.06950306892,18:29:14.070,18:29:24.070,0,42,0,42,True,66554.33690690994,66563.91852498055,18:29:14.337,18:29:23.919,192.168.0.100;192.168.0.31,192.168.0.200;192.168.0.21;192.168.0.22,IPV4-ModbusTCP;IPV4-TCP,False
317,66564.06950306892,66574.06950306892,18:29:24.070,18:29:34.070,0,42,0,42,True,66564.38365793228,66573.97239995003,18:29:24.384,18:29:33.972,192.168.0.100;192.168.0.21,192.168.0.200;192.168.0.21;192.168.0.22,IPV4-ModbusTCP;IPV4-TCP,False
318,66574.06950306892,66584.06950306892,18:29:34.070,18:29:44.070,0,42,0,42,True,66574.44785690308,66584.05198097229,18:29:34.448,18:29:44.052,192.168.0.100;192.168.0.22;192.168.0.31,192.168.0.21;192.168.0.22,IPV4-ModbusTCP,False
319,66584.06950306892,66594.06950306892,18:29:44.070,18:29:54.070,0,41,0,41,True,66584.47917509079,66594.00397992134,18:29:44.479,18:29:54.004,192.168.0.100;192.168.0.31,192.168.0.200;192.168.0.21;192.168.0.22,IPV4-ModbusTCP;IPV4-TCP,False
320,66594.06950306892,66604.06950306892,18:29:54.070,18:30:04.070,0,42,0,42,True,66594.10746502876,66604.04240489006,18:29:54.107,18:30:04.042,192.168.0.100;192.168.0.21,192.168.0.200;192.168.0.21;192.168.0.22,IPV4-ModbusTCP;IPV4-TCP,False
321,66604.06950306892,66614.06950306892,18:30:04.070,18:30:14.070,0,41,0,41,True,66604.14538693428,66613.68622303009,18:30:04.145,18:30:13.686,192.168.0.100;192.168.0.22;192.168.0.31,192.168.0.21;192.168.0.22,IPV4-ModbusTCP,False
322,66614.06950306892,66624.06950306892,18:30:14.070,18:30:24.070,0,42,0,42,True,66614.11568188667,66623.74993991852,18:30:14.116,18:30:23.750,192.168.0.100;192.168.0.31,192.168.0.200;192.168.0.21;192.168.0.22,IPV4-ModbusTCP;IPV4-TCP,False
323,66624.06950306892,66634.06950306892,18:30:24.070,18:30:34.070,0,42,0,42,True,66624.15759396553,66633.81654906273,18:30:24.158,18:30:33.817,192.168.0.100;192.168.0.21,192.168.0.200;192.168.0.21;192.168.0.22,IPV4-ModbusTCP;IPV4-TCP,False
325,66644.06950306892,66654.06950306892,18:30:44.070,18:30:54.070,0,42,0,42,True,66644.33976602554,66653.9845840931,18:30:44.340,18:30:53.985,192.168.0.100;192.168.0.31,192.168.0.200;192.168.0.21;192.168.0.22,IPV4-ModbusTCP;IPV4-TCP,False
326,66654.06950306892,66664.06950306892,18:30:54.070,18:31:04.070,0,42,0,42,True,66654.42223191261,66664.02384090424,18:30:54.422,18:31:04.024,192.168.0.100;192.168.0.21,192.168.0.200;192.168.0.21;192.168.0.22,IPV4-ModbusTCP;IPV4-TCP,False
327,66664.06950306892,66674.06950306892,18:31:04.070,18:31:14.070,0,42,0,42,True,66664.46765804291,66674.00654888153,18:31:04.468,18:31:14.007,192.168.0.100;192.168.0.22;192.168.0.31,192.168.0.21;192.168.0.22,IPV4-ModbusTCP,False
328,66674.06950306892,66684.06950306892,18:31:14.070,18:31:24.070,0,41,0,41,True,66674.08032488823,66684.05309295654,18:31:14.080,18:31:24.053,192.168.0.100,192.168.0.200;192.168.0.21;192.168.0.22,IPV4-ModbusTCP;IPV4-TCP,False
329,66684.06950306892,66694.06950306892,18:31:24.070,18:31:34.070,0,40,0,40,True,66684.1301419735,66693.67619204521,18:31:24.130,18:31:33.676,192.168.0.100;192.168.0.21,192.168.0.21;192.168.0.22,IPV4-ModbusTCP,False
330,66694.06950306892,66704.06950306892,18:31:34.070,18:31:44.070,0,44,0,44,True,66694.09931707382,66703.75563788414,18:31:34.099,18:31:43.756,192.168.0.100;192.168.0.22;192.168.0.31,192.168.0.200;192.168.0.21;192.168.0.22,IPV4-ModbusTCP;IPV4-TCP,False
331,66704.06950306892,66714.06950306892,18:31:44.070,18:31:54.070,0,41,0,41,True,66704.13836503029,66713.80187106133,18:31:44.138,18:31:53.802,192.168.0.100,192.168.0.200;192.168.0.21;192.168.0.22,IPV4-ModbusTCP;IPV4-TCP,False
332,66714.06950306892,66724.06950306892,18:31:54.070,18:32:04.070,0,41,0,41,True,66714.18034911156,66723.86216497421,18:31:54.180,18:32:03.862,192.168.0.100;192.168.0.21,192.168.0.21;192.168.0.22,IPV4-ModbusTCP,False
333,66724.06950306892,66734.06950306892,18:32:04.070,18:32:14.070,0,44,0,44,True,66724.22032594681,66733.94478392601,18:32:04.220,18:32:13.945,192.168.0.100;192.168.0.22;192.168.0.31,192.168.0.200;192.168.0.21;192.168.0.22,IPV4-ModbusTCP;IPV4-TCP,False
334,66734.06950306892,66744.06950306892,18:32:14.070,18:32:24.070,0,41,0,41,True,66734.28015804291,66744.03014492989,18:32:14.280,18:32:24.030,192.168.0.100,192.168.0.200;192.168.0.21;192.168.0.22,IPV4-ModbusTCP;IPV4-TCP,False
336,66754.06950306892,66764.06950306892,18:32:34.070,18:32:44.070,0,44,0,44,True,66754.09978103638,66763.95926094055,18:32:34.100,18:32:43.959,192.168.0.100;192.168.0.22;192.168.0.31,192.168.0.200;192.168.0.21;192.168.0.22,IPV4-ModbusTCP;IPV4-TCP,False
337,66764.06950306892,66774.06950306892,18:32:44.070,18:32:54.070,0,41,0,41,True,66764.18240308762,66774.04003310204,18:32:44.182,18:32:54.040,192.168.0.100,192.168.0.200;192.168.0.21;192.168.0.22,IPV4-ModbusTCP;IPV4-TCP,False
338,66774.06950306892,66784.06950306892,18:32:54.070,18:33:04.070,3,41,1,40,True,66774.22954106331,66784.0186240673,18:32:54.230,18:33:04.019,192.168.0.100;192.168.0.21;192.168.0.33,192.168.0.21;192.168.0.22,IPV4-ModbusTCP,False
339,66784.06950306892,66794.06950306892,18:33:04.070,18:33:14.070,0,47,0,47,True,66784.0792939663,66793.8276219368,18:33:04.079,18:33:13.828,192.168.0.100;192.168.0.21;192.168.0.22;192.168.0.31,192.168.0.200;192.168.0.21;192.168.0.22;192.168.0.33,ARP;IPV4-ModbusTCP;IPV4-TCP,False
340,66794.06950306892,66804.06950306892,18:33:14.070,18:33:24.070,0,43,0,43,True,66794.11827301979,66803.91844010353,18:33:14.118,18:33:23.918,192.168.0.100;192.168.0.21,192.168.0.200;192.168.0.21;192.168.0.22,IPV4-ModbusTCP;IPV4-TCP,False
341,66804.06950306892,66814.06950306892,18:33:24.070,18:33:34.070,0,42,0,42,True,66804.1815199852,66813.98376989365,18:33:24.182,18:33:33.984,192.168.0.100;192.168.0.21,192.168.0.21;192.168.0.22,IPV4-ModbusTCP,False
342,66814.06950306892,66824.06950306892,18:33:34.070,18:33:44.070,0,46,0,46,True,66814.23038601875,66824.01605701447,18:33:34.230,18:33:44.016,192.168.0.100;192.168.0.21;192.168.0.22;192.168.0.31,192.168.0.200;192.168.0.21;192.168.0.22,IPV4-ModbusTCP;IPV4-TCP,False
343,66824.06950306892,66834.06950306892,18:33:44.070,18:33:54.070,0,43,0,43,True,66824.30706596375,66834.06169509888,18:33:44.307,18:33:54.062,192.168.0.100;192.168.0.21,192.168.0.200;192.168.0.21;192.168.0.22,IPV4-ModbusTCP;IPV4-TCP,False
